,Year,Month,ETF,Price,Volatility
876,1999,11,Agri_Machinery_ETF,36.83514204668529,18.70264305260278
0,1999,11,Food_Beverage_ETF,40.01970848455537,16.961994400583514
1168,1999,11,Investment_Funds_ETF,125.5223567259285,22.170051038797805
292,1999,11,Restaurant_FastFood_ETF,34.92070073869233,12.464929017628052
584,1999,11,Retail_ETF,17.86821270310192,0.0
877,1999,12,Agri_Machinery_ETF,34.95798259612451,17.379747367479254
1,1999,12,Food_Beverage_ETF,37.129538565012496,15.700904750181463
1169,1999,12,Investment_Funds_ETF,129.629927312323,21.397963049523348
293,1999,12,Restaurant_FastFood_ETF,32.39258343136555,11.780527439603897
585,1999,12,Retail_ETF,14.447011997283633,0.0
878,2000,1,Agri_Machinery_ETF,37.14286745592738,18.329526813755496
2,2000,1,Food_Beverage_ETF,35.52643470398227,14.800639263357795
1170,2000,1,Investment_Funds_ETF,129.35942334882057,20.731689789692254
294,2000,1,Restaurant_FastFood_ETF,30.139770565338765,9.594676107178762
586,2000,1,Retail_ETF,15.766343484565983,0.0
879,2000,2,Agri_Machinery_ETF,31.221459627888308,14.267052005460306
3,2000,2,Food_Beverage_ETF,32.61997567680675,14.833653361017637
1171,2000,2,Investment_Funds_ETF,123.13628830392295,24.351636025939726
295,2000,2,Restaurant_FastFood_ETF,28.22343130826811,8.796922503126657
587,2000,2,Retail_ETF,16.67286023294509,0.0
880,2000,3,Agri_Machinery_ETF,29.31940258157298,13.248930982034258
4,2000,3,Food_Beverage_ETF,31.92049939467656,16.43422108631452
1172,2000,3,Investment_Funds_ETF,127.442178349409,27.730369553705795
296,2000,3,Restaurant_FastFood_ETF,29.35801078893332,9.440700463472865
588,2000,3,Retail_ETF,18.823415627996166,0.0
881,2000,4,Agri_Machinery_ETF,32.091105342454085,14.907492671543855
5,2000,4,Food_Beverage_ETF,34.064049374433026,16.924222001670568
1173,2000,4,Investment_Funds_ETF,129.5248005263176,25.339820934869007
297,2000,4,Restaurant_FastFood_ETF,31.058368241802953,8.98753727798395
589,2000,4,Retail_ETF,19.97898670044332,0.0
882,2000,5,Agri_Machinery_ETF,33.32840334855943,15.25703765295723
6,2000,5,Food_Beverage_ETF,35.4877350556995,17.303870969779055
1174,2000,5,Investment_Funds_ETF,126.18123908574802,25.49820422887789
298,2000,5,Restaurant_FastFood_ETF,30.27815114800601,8.004140441409874
590,2000,5,Retail_ETF,16.958432601880876,0.0
883,2000,6,Agri_Machinery_ETF,30.90324585625236,13.459604177838765
7,2000,6,Food_Beverage_ETF,35.57427360830926,17.292038000617655
1175,2000,6,Investment_Funds_ETF,128.97879258118996,28.812428467140943
299,2000,6,Restaurant_FastFood_ETF,28.627160428222705,8.079461486129208
591,2000,6,Retail_ETF,14.708171269095182,0.0
884,2000,7,Agri_Machinery_ETF,30.38187215318156,12.649045047708785
8,2000,7,Food_Beverage_ETF,33.547624315968235,16.027061649660634
1176,2000,7,Investment_Funds_ETF,129.95748190977878,28.567373776932474
300,2000,7,Restaurant_FastFood_ETF,29.18619932940627,8.51811436287031
592,2000,7,Retail_ETF,14.420985308521058,0.0
885,2000,8,Agri_Machinery_ETF,28.886060588768295,12.21715034794097
9,2000,8,Food_Beverage_ETF,32.866805823545825,15.9115955358607
1177,2000,8,Investment_Funds_ETF,132.22625395918612,27.33684289214687
301,2000,8,Restaurant_FastFood_ETF,29.860642445871594,8.422854236772816
593,2000,8,Retail_ETF,13.938901488306167,0.0
886,2000,9,Agri_Machinery_ETF,28.047390801998937,11.576924883346413
10,2000,9,Food_Beverage_ETF,33.28287933952823,16.39725047631517
1178,2000,9,Investment_Funds_ETF,130.1305585412656,26.5061454225995
302,2000,9,Restaurant_FastFood_ETF,29.64916455864648,7.126511636869915
594,2000,9,Retail_ETF,11.477595764559327,0.0
887,2000,10,Agri_Machinery_ETF,27.196900164501567,10.8215672733078
11,2000,10,Food_Beverage_ETF,35.2009360073576,17.41324539099291
1179,2000,10,Investment_Funds_ETF,124.15916846503131,23.978786502972586
303,2000,10,Restaurant_FastFood_ETF,30.21843149857981,7.432470777579803
595,2000,10,Retail_ETF,9.280975071696448,0.0
888,2000,11,Agri_Machinery_ETF,29.735886825629073,13.123419256682824
12,2000,11,Food_Beverage_ETF,37.034316757333265,17.892460675772014
1180,2000,11,Investment_Funds_ETF,124.53392564623383,21.5458083152666
304,2000,11,Restaurant_FastFood_ETF,34.172387350101296,8.817824323466814
596,2000,11,Retail_ETF,8.046311686115338,0.0
889,2000,12,Agri_Machinery_ETF,33.582998591948005,16.266845085223828
13,2000,12,Food_Beverage_ETF,38.58423087279844,18.52092170446897
1181,2000,12,Investment_Funds_ETF,121.21474488277926,18.781231224131194
305,2000,12,Restaurant_FastFood_ETF,33.41452186712691,8.145201494394016
597,2000,12,Retail_ETF,7.917458032289715,0.0
890,2001,1,Agri_Machinery_ETF,33.760939220429734,15.805916408010603
14,2001,1,Food_Beverage_ETF,38.209636971013516,17.51263986030606
1182,2001,1,Investment_Funds_ETF,122.23038171753961,18.86857611518483
306,2001,1,Restaurant_FastFood_ETF,33.10067231069064,9.261869935268187
598,2001,1,Retail_ETF,12.2774329732384,0.0
891,2001,2,Agri_Machinery_ETF,32.894615164016685,14.941575323307307
15,2001,2,Food_Beverage_ETF,39.82506176239714,18.39430626911943
1183,2001,2,Investment_Funds_ETF,119.98739909391074,15.444911279900346
307,2001,2,Restaurant_FastFood_ETF,34.34940309862696,10.577939272531681
599,2001,2,Retail_ETF,14.138910495471498,0.0
892,2001,3,Agri_Machinery_ETF,32.713920114425456,15.829102502756994
16,2001,3,Food_Beverage_ETF,39.57566832459685,18.95947933360347
1184,2001,3,Investment_Funds_ETF,109.39879218582922,12.779568141246676
308,2001,3,Restaurant_FastFood_ETF,32.91080773340807,8.810186109804757
600,2001,3,Retail_ETF,14.203781519369445,0.0
893,2001,4,Agri_Machinery_ETF,32.404284760222716,16.79817089218402
17,2001,4,Food_Beverage_ETF,38.3727241466113,18.429149303359456
1185,2001,4,Investment_Funds_ETF,111.36912651285928,12.373247702703608
309,2001,4,Restaurant_FastFood_ETF,32.30888114166436,7.340234078730532
601,2001,4,Retail_ETF,14.097941976427924,0.0
894,2001,5,Agri_Machinery_ETF,35.20165578544628,19.218291506473715
18,2001,5,Food_Beverage_ETF,38.608391139579794,17.52377423351206
1186,2001,5,Investment_Funds_ETF,120.0741681428061,12.071459114065016
310,2001,5,Restaurant_FastFood_ETF,29.17777043776457,8.71256452407021
602,2001,5,Retail_ETF,15.600822197055493,0.0
895,2001,6,Agri_Machinery_ETF,35.12456087947954,18.996656607946687
19,2001,6,Food_Beverage_ETF,38.944684145126274,17.90701793654645
1187,2001,6,Investment_Funds_ETF,116.7639329527349,11.58439180947154
311,2001,6,Restaurant_FastFood_ETF,29.842366353669696,9.438116881150695
603,2001,6,Retail_ETF,15.930187545787545,0.0
896,2001,7,Agri_Machinery_ETF,35.80883133963667,18.65642343823958
20,2001,7,Food_Beverage_ETF,39.44226280909401,17.92668951817
1188,2001,7,Investment_Funds_ETF,113.32814920587317,11.445651347864647
312,2001,7,Restaurant_FastFood_ETF,29.87393007611587,8.913858426849501
604,2001,7,Retail_ETF,20.32382162243667,0.0
897,2001,8,Agri_Machinery_ETF,37.04005905928429,18.79992976514548
21,2001,8,Food_Beverage_ETF,39.69195340604415,17.66934380528551
1189,2001,8,Investment_Funds_ETF,111.36183890608147,10.647126199291128
313,2001,8,Restaurant_FastFood_ETF,29.456875356359998,9.484162003489503
605,2001,8,Retail_ETF,22.191134980988593,0.0
898,2001,9,Agri_Machinery_ETF,32.8142491973509,16.433014260967973
22,2001,9,Food_Beverage_ETF,40.6542712472832,18.93450671822663
1190,2001,9,Investment_Funds_ETF,98.02509990112748,9.817911955677038
314,2001,9,Restaurant_FastFood_ETF,26.91210647969524,8.959804408991898
606,2001,9,Retail_ETF,19.60216609096143,0.0
899,2001,10,Agri_Machinery_ETF,33.010041649314026,16.95570445435242
23,2001,10,Food_Beverage_ETF,40.09343331929716,18.71225171266848
1191,2001,10,Investment_Funds_ETF,100.96787365751686,11.030820836312238
315,2001,10,Restaurant_FastFood_ETF,29.42673596460254,11.091948102963771
607,2001,10,Retail_ETF,25.796162277304415,0.0
900,2001,11,Agri_Machinery_ETF,34.12392443733337,16.67276899385442
24,2001,11,Food_Beverage_ETF,41.98194267651172,19.34525339640378
1192,2001,11,Investment_Funds_ETF,106.12779882600839,11.168974949379692
316,2001,11,Restaurant_FastFood_ETF,30.800623230217642,12.37238293351193
608,2001,11,Retail_ETF,28.61664101525584,0.0
901,2001,12,Agri_Machinery_ETF,36.159176872776214,17.675775986663712
25,2001,12,Food_Beverage_ETF,42.42693678409644,19.310319713734124
1193,2001,12,Investment_Funds_ETF,108.31439784570705,10.654883356243849
317,2001,12,Restaurant_FastFood_ETF,31.918637341187406,12.273235286160201
609,2001,12,Retail_ETF,31.477653740458017,0.0
902,2002,1,Agri_Machinery_ETF,36.30868437775386,17.83649791886782
26,2002,1,Food_Beverage_ETF,42.94214120575818,19.692924837502026
1194,2002,1,Investment_Funds_ETF,107.42707616464914,10.605124313267172
318,2002,1,Restaurant_FastFood_ETF,34.03677406698553,12.375331947712402
610,2002,1,Retail_ETF,37.06176486397707,0.0
903,2002,2,Agri_Machinery_ETF,37.96536410944402,18.044671718847457
27,2002,2,Food_Beverage_ETF,43.73580509961552,20.312111306193085
1195,2002,2,Investment_Funds_ETF,105.46600361555029,7.7114290717415255
319,2002,2,Restaurant_FastFood_ETF,35.60136986015848,14.078105364560702
611,2002,2,Retail_ETF,39.63525552407932,0.0
904,2002,3,Agri_Machinery_ETF,41.57951712291838,18.976874552244116
28,2002,3,Food_Beverage_ETF,44.17390698541108,20.115985139500992
1196,2002,3,Investment_Funds_ETF,111.02114305863068,7.392415763391139
320,2002,3,Restaurant_FastFood_ETF,36.611329506401646,13.99533136664205
612,2002,3,Retail_ETF,43.972408470658415,0.0
905,2002,4,Agri_Machinery_ETF,39.9106508042283,17.554522066160207
29,2002,4,Food_Beverage_ETF,44.90346993005171,20.434702944988103
1197,2002,4,Investment_Funds_ETF,107.11126791134151,6.724732701369763
321,2002,4,Restaurant_FastFood_ETF,37.8226708127992,15.057802207336406
613,2002,4,Retail_ETF,51.38009276437848,0.0
906,2002,5,Agri_Machinery_ETF,39.72883247882627,17.096757465797506
30,2002,5,Food_Beverage_ETF,43.975553273181355,19.759736115626364
1198,2002,5,Investment_Funds_ETF,104.9701673878591,5.51289066736722
322,2002,5,Restaurant_FastFood_ETF,36.73595148279541,16.712579640234786
614,2002,5,Retail_ETF,57.03514975664545,0.0
907,2002,6,Agri_Machinery_ETF,37.636909643246184,16.09541829441162
31,2002,6,Food_Beverage_ETF,42.54843705732137,18.622023789885443
1199,2002,6,Investment_Funds_ETF,98.48034011264197,4.753249388871158
323,2002,6,Restaurant_FastFood_ETF,31.10650615363805,7.661232037828202
615,2002,6,Retail_ETF,67.47736145524868,0.0
908,2002,7,Agri_Machinery_ETF,35.10431374717617,14.729090520333552
32,2002,7,Food_Beverage_ETF,41.90878074690986,20.34179872700883
1200,2002,7,Investment_Funds_ETF,86.71712566266652,3.1236111637330883
324,2002,7,Restaurant_FastFood_ETF,24.50083694463869,2.677727145131526
616,2002,7,Retail_ETF,61.20293905950096,0.0
909,2002,8,Agri_Machinery_ETF,35.7852354413954,14.27405966241635
33,2002,8,Food_Beverage_ETF,42.95597873694354,21.604280730354134
1201,2002,8,Investment_Funds_ETF,89.24740731598979,3.078280159650999
325,2002,8,Restaurant_FastFood_ETF,24.661977031479957,3.3476268210293774
617,2002,8,Retail_ETF,47.013551711446446,0.0
910,2002,9,Agri_Machinery_ETF,34.99520709076232,13.714242945660546
34,2002,9,Food_Beverage_ETF,41.21890206723555,20.0214297590402
1202,2002,9,Investment_Funds_ETF,84.1910567641039,3.8333341373471277
326,2002,9,Restaurant_FastFood_ETF,23.624325672696237,3.6937406031666544
618,2002,9,Retail_ETF,32.86251474292488,0.0
911,2002,10,Agri_Machinery_ETF,34.44643676244217,13.46047951754753
35,2002,10,Food_Beverage_ETF,40.62590919927463,19.583579881152446
1203,2002,10,Investment_Funds_ETF,82.95100375451648,3.7839803958244476
327,2002,10,Restaurant_FastFood_ETF,22.086325275335394,2.397213644850469
619,2002,10,Retail_ETF,36.42594005162514,0.0
912,2002,11,Agri_Machinery_ETF,37.75855282527351,15.83747469295934
36,2002,11,Food_Beverage_ETF,42.73344748750611,20.565815045444
1204,2002,11,Investment_Funds_ETF,89.13660949517478,3.5604500891486035
328,2002,11,Restaurant_FastFood_ETF,21.640724779641868,2.9161360280426507
620,2002,11,Retail_ETF,42.33734928400955,0.0
913,2002,12,Agri_Machinery_ETF,36.94695012999133,16.1203137079376
37,2002,12,Food_Beverage_ETF,43.80789387928152,21.72495204652736
1205,2002,12,Investment_Funds_ETF,88.44594678012879,3.5120835621185877
329,2002,12,Restaurant_FastFood_ETF,21.657227767272836,3.8391144200970753
621,2002,12,Retail_ETF,40.33940095278077,0.0
914,2003,1,Agri_Machinery_ETF,35.55520126530593,15.528725181783894
38,2003,1,Food_Beverage_ETF,45.62832389507248,23.42925391413136
1206,2003,1,Investment_Funds_ETF,87.02525107188688,3.5954644476688524
330,2003,1,Restaurant_FastFood_ETF,22.072675852047222,3.9929513470585105
622,2003,1,Retail_ETF,40.26633090453299,0.0
915,2003,2,Agri_Machinery_ETF,34.105234856046955,15.205965826247906
39,2003,2,Food_Beverage_ETF,43.08223734042025,22.118653618514028
1207,2003,2,Investment_Funds_ETF,82.0761200046586,3.433274690907457
331,2003,2,Restaurant_FastFood_ETF,20.80359926435196,4.916393681093833
623,2003,2,Retail_ETF,33.78047236565309,0.0
916,2003,3,Agri_Machinery_ETF,34.85672741270693,16.140746243919867
40,2003,3,Food_Beverage_ETF,40.578879138304615,20.579831570179667
1208,2003,3,Investment_Funds_ETF,83.0578216994059,3.4859247358729326
332,2003,3,Restaurant_FastFood_ETF,21.62027209507217,5.4113784837727215
624,2003,3,Retail_ETF,32.66451978962118,0.0
917,2003,4,Agri_Machinery_ETF,36.80488340627156,17.363701600428648
41,2003,4,Food_Beverage_ETF,41.08471753536772,20.352212062583998
1209,2003,4,Investment_Funds_ETF,86.59384796013828,4.154448117755853
333,2003,4,Restaurant_FastFood_ETF,22.387522172987502,4.939113691666792
625,2003,4,Retail_ETF,39.44730476203607,0.0
918,2003,5,Agri_Machinery_ETF,37.431877257478774,17.79087979037984
42,2003,5,Food_Beverage_ETF,42.71789543116792,21.19820163778192
1210,2003,5,Investment_Funds_ETF,90.49015765029094,5.434747602090292
334,2003,5,Restaurant_FastFood_ETF,22.873065927584825,4.341545347646767
626,2003,5,Retail_ETF,43.808995396189694,0.0
919,2003,6,Agri_Machinery_ETF,39.49994181813788,19.13229973781018
43,2003,6,Food_Beverage_ETF,45.76508894436294,22.63553750238984
1211,2003,6,Investment_Funds_ETF,95.53903202093025,5.629832861909926
335,2003,6,Restaurant_FastFood_ETF,24.886007014594842,4.388177386726527
627,2003,6,Retail_ETF,48.60864827359515,0.0
920,2003,7,Agri_Machinery_ETF,42.07432885333631,21.7840516048067
44,2003,7,Food_Beverage_ETF,45.53258081576606,22.11336162623801
1212,2003,7,Investment_Funds_ETF,95.96964119448289,5.557165993977729
336,2003,7,Restaurant_FastFood_ETF,25.795740793315275,4.774985222899814
628,2003,7,Retail_ETF,51.76649241310312,0.0
921,2003,8,Agri_Machinery_ETF,47.3461490084379,24.819261655172866
45,2003,8,Food_Beverage_ETF,44.302801086375936,21.47418690580296
1213,2003,8,Investment_Funds_ETF,96.29925718805805,4.424340923204093
337,2003,8,Restaurant_FastFood_ETF,26.33614633813282,4.363569375076758
629,2003,8,Retail_ETF,49.53276850556652,0.0
922,2003,9,Agri_Machinery_ETF,47.518621021955724,24.88623834256308
46,2003,9,Food_Beverage_ETF,44.78835029553127,21.23457536698379
1214,2003,9,Investment_Funds_ETF,98.93428041388162,5.0632282209152555
338,2003,9,Restaurant_FastFood_ETF,23.893786135221088,7.251859633420196
630,2003,9,Retail_ETF,35.05491119561669,0.0
923,2003,10,Agri_Machinery_ETF,49.55523720617647,27.28317044505319
47,2003,10,Food_Beverage_ETF,45.78302497197934,21.714874960274116
1215,2003,10,Investment_Funds_ETF,94.26809155490017,14.814285661386464
339,2003,10,Restaurant_FastFood_ETF,24.444447027814565,8.88926197846916
631,2003,10,Retail_ETF,38.40171560596822,0.0
924,2003,11,Agri_Machinery_ETF,50.83138576610226,27.489923547764523
48,2003,11,Food_Beverage_ETF,46.80727873087209,21.96174595763567
1216,2003,11,Investment_Funds_ETF,95.47006601038575,14.416231271147343
340,2003,11,Restaurant_FastFood_ETF,25.59050117178218,9.113208675302548
632,2003,11,Retail_ETF,41.8343498973306,0.0
925,2003,12,Agri_Machinery_ETF,54.66792921084046,29.80724025522442
49,2003,12,Food_Beverage_ETF,47.07159851328301,21.611827866893634
1217,2003,12,Investment_Funds_ETF,97.93999208975606,15.951104086623438
341,2003,12,Restaurant_FastFood_ETF,25.59652434519733,9.268307116104173
633,2003,12,Retail_ETF,39.52765981401712,0.0
926,2004,1,Agri_Machinery_ETF,55.72901010225941,29.88129754965717
50,2004,1,Food_Beverage_ETF,46.83108702665788,20.877017367843866
1218,2004,1,Investment_Funds_ETF,102.89677693948715,15.264648673628832
342,2004,1,Restaurant_FastFood_ETF,26.259795231602247,9.733167150878197
634,2004,1,Retail_ETF,42.075328614762384,0.0
927,2004,2,Agri_Machinery_ETF,53.590226805354774,28.925791936361467
51,2004,2,Food_Beverage_ETF,48.57153495344465,21.43286718327827
1219,2004,2,Investment_Funds_ETF,102.86742942608295,17.25091650088243
343,2004,2,Restaurant_FastFood_ETF,27.873973497601085,10.531053003169706
635,2004,2,Retail_ETF,42.27378401826484,0.0
928,2004,3,Agri_Machinery_ETF,54.08984368958362,28.630701585197066
52,2004,3,Food_Beverage_ETF,49.99035219811866,22.080040262369046
1220,2004,3,Investment_Funds_ETF,100.1951196901373,17.403493280580577
344,2004,3,Restaurant_FastFood_ETF,29.1689374684397,10.94225692338289
636,2004,3,Retail_ETF,40.54140578450844,0.0
929,2004,4,Agri_Machinery_ETF,57.79146884077412,31.37165142675814
53,2004,4,Food_Beverage_ETF,51.78250909453956,22.53768387786803
1221,2004,4,Investment_Funds_ETF,101.358550667537,17.180769346915124
345,2004,4,Restaurant_FastFood_ETF,29.302895714288276,11.5898082950586
637,2004,4,Retail_ETF,39.957706994529715,0.0
930,2004,5,Agri_Machinery_ETF,53.20974657255856,28.621102138013484
54,2004,5,Food_Beverage_ETF,52.40869280798841,22.91078599927887
1222,2004,5,Investment_Funds_ETF,98.23769865720739,17.32834679578489
346,2004,5,Restaurant_FastFood_ETF,28.51162332852479,11.479718762661284
638,2004,5,Retail_ETF,36.65023752189142,0.0
931,2004,6,Agri_Machinery_ETF,55.02739581014436,29.476733465839438
55,2004,6,Food_Beverage_ETF,46.61279036042966,16.785832099693078
1223,2004,6,Investment_Funds_ETF,101.23959290943958,17.43289274319836
347,2004,6,Restaurant_FastFood_ETF,29.375225429879936,12.909393391424887
639,2004,6,Retail_ETF,39.48857043858849,0.0
932,2004,7,Agri_Machinery_ETF,53.52926574829747,28.214499818082967
56,2004,7,Food_Beverage_ETF,42.80139855192672,14.674045675009355
1224,2004,7,Investment_Funds_ETF,98.27444922111283,18.118304294096728
348,2004,7,Restaurant_FastFood_ETF,28.858435701931164,14.08049433143641
640,2004,7,Retail_ETF,37.74930094066496,0.0
933,2004,8,Agri_Machinery_ETF,51.12095842790064,26.108140597133705
57,2004,8,Food_Beverage_ETF,41.77365634004533,14.808680771373785
1225,2004,8,Investment_Funds_ETF,96.46448116375134,19.010369230282574
349,2004,8,Restaurant_FastFood_ETF,28.34769820761315,13.542082172532291
641,2004,8,Retail_ETF,34.18766153895305,0.0
934,2004,9,Agri_Machinery_ETF,54.0783406637794,27.84755145766532
58,2004,9,Food_Beverage_ETF,41.59614391024377,14.691447388491323
1226,2004,9,Investment_Funds_ETF,98.85782723748403,19.17913828109105
350,2004,9,Restaurant_FastFood_ETF,29.675885771948977,13.575353279651134
642,2004,9,Retail_ETF,35.029400987476826,0.0
935,2004,10,Agri_Machinery_ETF,54.17674891294736,28.28497656566008
59,2004,10,Food_Beverage_ETF,41.22098193396347,14.602320177349911
1227,2004,10,Investment_Funds_ETF,98.6453104427249,17.679471619241493
351,2004,10,Restaurant_FastFood_ETF,31.66866856377407,14.855862286617118
643,2004,10,Retail_ETF,33.39024344174177,0.0
936,2004,11,Agri_Machinery_ETF,60.14133254244014,31.81718200112473
60,2004,11,Food_Beverage_ETF,43.0769809500271,14.14171622206166
1228,2004,11,Investment_Funds_ETF,103.359280779367,17.67522836965834
352,2004,11,Restaurant_FastFood_ETF,34.421971553897954,16.239601066562564
644,2004,11,Retail_ETF,34.50617691902531,0.0
937,2004,12,Agri_Machinery_ETF,64.12159840556785,33.521311038187626
61,2004,12,Food_Beverage_ETF,44.76986593249869,14.99354125701224
1229,2004,12,Investment_Funds_ETF,105.98692094393543,17.460408753832468
353,2004,12,Restaurant_FastFood_ETF,36.252398871985385,17.674887118494976
645,2004,12,Retail_ETF,34.88942361831383,0.0
938,2005,1,Agri_Machinery_ETF,62.25207779632927,31.79614460729973
62,2005,1,Food_Beverage_ETF,45.822808436752,14.991328328919279
1230,2005,1,Investment_Funds_ETF,103.71902072457522,18.841270291961557
354,2005,1,Restaurant_FastFood_ETF,35.830067809461276,16.32193759895939
646,2005,1,Retail_ETF,35.598511869084625,0.0
939,2005,2,Agri_Machinery_ETF,62.12196866448026,32.4000401439133
63,2005,2,Food_Beverage_ETF,47.558981781856694,15.89021112789649
1231,2005,2,Investment_Funds_ETF,105.21083770058712,19.652177404323712
355,2005,2,Restaurant_FastFood_ETF,35.195663393948735,14.695245764110815
647,2005,2,Retail_ETF,42.84983509612421,0.0
940,2005,3,Agri_Machinery_ETF,63.7346093691401,34.04117939897933
64,2005,3,Food_Beverage_ETF,46.923807420667934,15.600502283802816
1232,2005,3,Investment_Funds_ETF,104.13606401579432,20.589161798771258
356,2005,3,Restaurant_FastFood_ETF,36.75310293619123,16.081197656274203
648,2005,3,Retail_ETF,43.036439898400495,0.0
941,2005,4,Agri_Machinery_ETF,59.0906894058137,31.558661471182212
65,2005,4,Food_Beverage_ETF,46.036745074136746,15.990204045061258
1233,2005,4,Investment_Funds_ETF,100.8232691636165,19.882221649704753
357,2005,4,Restaurant_FastFood_ETF,35.290366914619945,14.447060662984747
649,2005,4,Retail_ETF,41.9693741358235,0.0
942,2005,5,Agri_Machinery_ETF,59.594931029475916,32.55164187064039
66,2005,5,Food_Beverage_ETF,47.22333006454393,16.771184238649255
1234,2005,5,Investment_Funds_ETF,102.5302383336397,19.28230852356272
358,2005,5,Restaurant_FastFood_ETF,36.70232218959138,15.41771748604498
650,2005,5,Retail_ETF,42.026862494165826,0.0
943,2005,6,Agri_Machinery_ETF,63.54200514667428,35.124808053987884
67,2005,6,Food_Beverage_ETF,46.139170066896064,16.353697762003684
1235,2005,6,Investment_Funds_ETF,104.45908324000888,19.381132787645285
359,2005,6,Restaurant_FastFood_ETF,37.98607349162559,15.876418690254644
651,2005,6,Retail_ETF,47.973410194013375,0.0
944,2005,7,Agri_Machinery_ETF,52.801237357480026,25.020505730543302
68,2005,7,Food_Beverage_ETF,45.74475298230395,15.978335965114828
1236,2005,7,Investment_Funds_ETF,106.12438253666994,18.93361646497383
360,2005,7,Restaurant_FastFood_ETF,37.759925708634036,14.43083652073787
652,2005,7,Retail_ETF,52.461961557995075,0.0
945,2005,8,Agri_Machinery_ETF,47.992752951819725,21.52422696059944
69,2005,8,Food_Beverage_ETF,44.871908947432445,15.73859101330318
1237,2005,8,Investment_Funds_ETF,106.41792544922502,18.78095832945649
361,2005,8,Restaurant_FastFood_ETF,37.5203102355764,13.753292265207527
653,2005,8,Retail_ETF,52.17987153439154,0.0
946,2005,9,Agri_Machinery_ETF,48.24156870549492,21.11811122282446
70,2005,9,Food_Beverage_ETF,44.41577945388479,14.854222406219977
1238,2005,9,Investment_Funds_ETF,106.18818530919819,18.95412230087114
362,2005,9,Restaurant_FastFood_ETF,36.260033668983176,13.156322383042095
654,2005,9,Retail_ETF,48.67545908692372,0.0
947,2005,10,Agri_Machinery_ETF,45.10653507603816,19.459019716524523
71,2005,10,Food_Beverage_ETF,44.55591764166026,14.885084036503248
1239,2005,10,Investment_Funds_ETF,103.42310682984655,18.4383820385597
363,2005,10,Restaurant_FastFood_ETF,35.599689761175036,12.455551690212411
655,2005,10,Retail_ETF,45.120849012915286,0.0
948,2005,11,Agri_Machinery_ETF,48.46895586219823,21.398524139401516
72,2005,11,Food_Beverage_ETF,43.74809828143982,14.911468053259222
1240,2005,11,Investment_Funds_ETF,107.88890493547129,18.44473644182715
364,2005,11,Restaurant_FastFood_ETF,33.615077318432434,10.985737033502144
656,2005,11,Retail_ETF,51.53755793912418,0.0
949,2005,12,Agri_Machinery_ETF,50.98723035276982,22.80106574523849
73,2005,12,Food_Beverage_ETF,44.348340543742765,15.661246527010011
1241,2005,12,Investment_Funds_ETF,109.6683019956396,18.925207310093803
365,2005,12,Restaurant_FastFood_ETF,34.29542560195594,10.75241184378378
657,2005,12,Retail_ETF,54.653342893370365,0.0
950,2006,1,Agri_Machinery_ETF,53.189364218608944,23.715732902714183
74,2006,1,Food_Beverage_ETF,43.10117398007165,15.336715240713449
1242,2006,1,Investment_Funds_ETF,110.59682081207677,18.765933877649413
366,2006,1,Restaurant_FastFood_ETF,36.838499063319006,10.936061331674418
658,2006,1,Retail_ETF,51.45743843755041,0.0
951,2006,2,Agri_Machinery_ETF,58.1691945013711,26.554137681091106
75,2006,2,Food_Beverage_ETF,42.93785512277079,15.340972843143664
1243,2006,2,Investment_Funds_ETF,110.71655189674445,19.208997900843297
367,2006,2,Restaurant_FastFood_ETF,38.359739230982434,11.325630075594127
659,2006,2,Retail_ETF,61.51593923963233,0.0
952,2006,3,Agri_Machinery_ETF,60.14209917898578,27.635735933648405
76,2006,3,Food_Beverage_ETF,43.10316175160442,15.967161227395916
1244,2006,3,Investment_Funds_ETF,112.164076230075,19.95821911700712
368,2006,3,Restaurant_FastFood_ETF,39.82645079179845,11.701755601145944
660,2006,3,Retail_ETF,64.18436010538201,0.0
953,2006,4,Agri_Machinery_ETF,64.85990757898925,29.32805059012666
77,2006,4,Food_Beverage_ETF,43.085180591807344,15.120728853234404
1245,2006,4,Investment_Funds_ETF,113.46766387102866,19.18511460268441
369,2006,4,Restaurant_FastFood_ETF,40.62682599948466,12.303631335690564
661,2006,4,Retail_ETF,63.69178488947542,0.0
954,2006,5,Agri_Machinery_ETF,66.33144863499972,29.291391240826627
78,2006,5,Food_Beverage_ETF,45.21172365625601,15.234911629138987
1246,2006,5,Investment_Funds_ETF,111.51087852731156,20.698777123734576
370,2006,5,Restaurant_FastFood_ETF,42.446140327979215,15.194305513726363
662,2006,5,Retail_ETF,60.560659877800404,0.0
955,2006,6,Agri_Machinery_ETF,60.47904955172126,26.91995262275062
79,2006,6,Food_Beverage_ETF,45.65696648522698,15.82308388308978
1247,2006,6,Investment_Funds_ETF,108.32087117078403,20.96511668027199
371,2006,6,Restaurant_FastFood_ETF,41.375478504061554,14.91938610805788
663,2006,6,Retail_ETF,52.49091102495393,0.0
956,2006,7,Agri_Machinery_ETF,59.54992975250579,24.83634650120516
80,2006,7,Food_Beverage_ETF,47.52194206310225,17.116582979820894
1248,2006,7,Investment_Funds_ETF,107.87801197055295,22.54663124247617
372,2006,7,Restaurant_FastFood_ETF,38.70844382739817,12.89739916371978
664,2006,7,Retail_ETF,47.99034057843055,0.0
957,2006,8,Agri_Machinery_ETF,58.288793362779344,23.315684220462334
81,2006,8,Food_Beverage_ETF,47.60276696876874,17.620381034860404
1249,2006,8,Investment_Funds_ETF,110.39836876604481,23.203534427204122
373,2006,8,Restaurant_FastFood_ETF,37.8408749233117,12.573937110031622
665,2006,8,Retail_ETF,44.64545644401968,0.0
958,2006,9,Agri_Machinery_ETF,60.81857017815659,25.473058622124768
82,2006,9,Food_Beverage_ETF,48.05722290893655,17.41256937532509
1250,2006,9,Investment_Funds_ETF,113.8385358703976,22.611126521821458
374,2006,9,Restaurant_FastFood_ETF,40.01065840286294,12.70905694958222
666,2006,9,Retail_ETF,45.102472396991345,0.0
959,2006,10,Agri_Machinery_ETF,62.009042720258726,26.971835176576402
83,2006,10,Food_Beverage_ETF,48.64526422720285,17.918293943679753
1251,2006,10,Investment_Funds_ETF,118.19829478699396,22.393191836318984
375,2006,10,Restaurant_FastFood_ETF,43.62318206356869,14.285600177610574
667,2006,10,Retail_ETF,50.455447870147715,0.0
960,2006,11,Agri_Machinery_ETF,63.57245821148563,27.583789562097767
84,2006,11,Food_Beverage_ETF,48.12359075482282,17.747082532180542
1252,2006,11,Investment_Funds_ETF,120.84736711861495,22.18949782647255
376,2006,11,Restaurant_FastFood_ETF,45.20026719030788,15.052905817876622
668,2006,11,Retail_ETF,48.26772007093267,0.0
961,2006,12,Agri_Machinery_ETF,65.44837930697014,28.648292410483695
85,2006,12,Food_Beverage_ETF,48.95415042028039,17.609505712484044
1253,2006,12,Investment_Funds_ETF,122.73244240254496,22.900328968169266
377,2006,12,Restaurant_FastFood_ETF,44.41329429688367,13.898731406554898
669,2006,12,Retail_ETF,46.32538824663893,0.0
962,2007,1,Agri_Machinery_ETF,64.64282465419915,28.542922914383908
86,2007,1,Food_Beverage_ETF,49.07575188761382,17.60326658811241
1254,2007,1,Investment_Funds_ETF,123.60905092905804,23.000411624696078
378,2007,1,Restaurant_FastFood_ETF,44.7712011107004,14.13414012915039
670,2007,1,Retail_ETF,48.31928732183046,0.0
963,2007,2,Agri_Machinery_ETF,71.72182149355146,32.89659597593302
87,2007,2,Food_Beverage_ETF,48.514461562385776,16.16496638309865
1255,2007,2,Investment_Funds_ETF,124.45528919972506,23.101935803482117
379,2007,2,Restaurant_FastFood_ETF,46.22108396203684,15.111336509381404
671,2007,2,Retail_ETF,48.76473255123149,0.0
964,2007,3,Agri_Machinery_ETF,71.1396812498335,33.09065043026466
88,2007,3,Food_Beverage_ETF,48.329244105023335,16.2005703677688
1256,2007,3,Investment_Funds_ETF,121.341104150739,23.429209067854696
380,2007,3,Restaurant_FastFood_ETF,44.98640441705319,15.278370813842011
672,2007,3,Retail_ETF,51.6509790445742,0.0
965,2007,4,Agri_Machinery_ETF,74.09638371969014,32.56479702015523
89,2007,4,Food_Beverage_ETF,49.61222282925146,15.922464141060155
1257,2007,4,Investment_Funds_ETF,126.58125266369304,24.71978638878974
381,2007,4,Restaurant_FastFood_ETF,47.138214751001435,16.573334261641328
673,2007,4,Retail_ETF,54.88601671662846,0.0
966,2007,5,Agri_Machinery_ETF,79.49268715065503,34.80501664196904
90,2007,5,Food_Beverage_ETF,49.45167650596283,16.00078962196478
1258,2007,5,Investment_Funds_ETF,131.36996781791896,25.534841105189457
382,2007,5,Restaurant_FastFood_ETF,51.30082219517862,23.18020844336817
674,2007,5,Retail_ETF,51.39985623632385,0.0
967,2007,6,Agri_Machinery_ETF,82.88990809870053,36.342866118911864
91,2007,6,Food_Beverage_ETF,48.14804101498292,15.014286343273918
1259,2007,6,Investment_Funds_ETF,131.70608368222682,25.028652747381184
383,2007,6,Restaurant_FastFood_ETF,50.59985669181724,24.419439431658947
675,2007,6,Retail_ETF,52.94679800929544,0.0
968,2007,7,Agri_Machinery_ETF,86.57434610188761,38.815631881749205
92,2007,7,Food_Beverage_ETF,47.50578062469658,14.356765807229154
1260,2007,7,Investment_Funds_ETF,132.88167880615447,23.51712859870885
384,2007,7,Restaurant_FastFood_ETF,46.24009448337762,23.697413139911983
676,2007,7,Retail_ETF,48.972738322088894,0.0
969,2007,8,Agri_Machinery_ETF,84.4966756619214,38.48804075887335
93,2007,8,Food_Beverage_ETF,47.05004799944269,15.586230976257623
1261,2007,8,Investment_Funds_ETF,128.09362300078095,23.636969953532503
385,2007,8,Restaurant_FastFood_ETF,49.578705505109966,29.539414880464843
677,2007,8,Retail_ETF,47.98522347689441,0.0
970,2007,9,Agri_Machinery_ETF,91.72345964933426,44.63447221502646
94,2007,9,Food_Beverage_ETF,48.378369230353556,17.066462929000004
1262,2007,9,Investment_Funds_ETF,132.16817798780357,23.5916337284765
386,2007,9,Restaurant_FastFood_ETF,53.50936243594512,33.11334120783117
678,2007,9,Retail_ETF,47.00874106763982,0.0
971,2007,10,Agri_Machinery_ETF,96.59347971640584,47.21398810325532
95,2007,10,Food_Beverage_ETF,48.38226554253343,18.306945409371327
1263,2007,10,Investment_Funds_ETF,135.9455707927594,22.707327976978807
387,2007,10,Restaurant_FastFood_ETF,60.416653024681686,40.200784498169384
679,2007,10,Retail_ETF,44.771588312097606,0.0
972,2007,11,Agri_Machinery_ETF,94.69135938723437,48.91872440562717
96,2007,11,Food_Beverage_ETF,46.85589529580028,19.117731576195254
1264,2007,11,Investment_Funds_ETF,130.10610969687679,21.10233834821352
388,2007,11,Restaurant_FastFood_ETF,59.822811098884955,40.569884509519156
680,2007,11,Retail_ETF,39.9053563406731,0.0
973,2007,12,Agri_Machinery_ETF,77.02738073387815,29.811144567950187
97,2007,12,Food_Beverage_ETF,48.67933242657943,19.529683051600703
1265,2007,12,Investment_Funds_ETF,131.30771383493718,22.09942979448231
389,2007,12,Restaurant_FastFood_ETF,64.25467902080881,47.09198325950941
681,2007,12,Retail_ETF,38.07252305949009,0.0
974,2008,1,Agri_Machinery_ETF,72.00277259425204,28.086120136082528
98,2008,1,Food_Beverage_ETF,46.399916493252654,18.941225708697427
1266,2008,1,Investment_Funds_ETF,121.10970808405818,21.56002842909234
390,2008,1,Restaurant_FastFood_ETF,56.15274447891583,39.82178745689273
682,2008,1,Retail_ETF,33.28661782194936,0.0
975,2008,2,Agri_Machinery_ETF,72.22616097573578,26.97675289436342
99,2008,2,Food_Beverage_ETF,46.200767371911354,18.526832851921327
1267,2008,2,Investment_Funds_ETF,119.48733377000853,23.086928428117066
391,2008,2,Restaurant_FastFood_ETF,52.580151235783546,34.03267405859697
683,2008,2,Retail_ETF,39.45349279013559,0.0
976,2008,3,Agri_Machinery_ETF,72.11898256778923,25.79043444386206
100,2008,3,Food_Beverage_ETF,46.85294949359969,18.791163576264427
1268,2008,3,Investment_Funds_ETF,116.742782754505,22.203269648340843
392,2008,3,Restaurant_FastFood_ETF,51.605794811826904,32.89587916828703
684,2008,3,Retail_ETF,39.0001520195035,0.0
977,2008,4,Agri_Machinery_ETF,79.19124879695659,29.955444080756347
101,2008,4,Food_Beverage_ETF,47.265588440243135,18.629839810382922
1269,2008,4,Investment_Funds_ETF,121.52897943136725,22.77159310975686
393,2008,4,Restaurant_FastFood_ETF,55.18674264976682,35.46242383266757
685,2008,4,Retail_ETF,36.99316881614319,0.0
978,2008,5,Agri_Machinery_ETF,80.04632548228051,32.97746013493644
102,2008,5,Food_Beverage_ETF,46.77281528386786,17.58954174395274
1270,2008,5,Investment_Funds_ETF,124.57761566100739,22.23414079018933
394,2008,5,Restaurant_FastFood_ETF,51.06205269843548,30.612336058905985
686,2008,5,Retail_ETF,33.91529256017948,0.0
979,2008,6,Agri_Machinery_ETF,76.35657948088534,31.71945625972479
103,2008,6,Food_Beverage_ETF,42.470283937301595,17.974543491516346
1271,2008,6,Investment_Funds_ETF,118.48884104730053,20.233777929427244
395,2008,6,Restaurant_FastFood_ETF,48.875272441012086,29.25152026019687
687,2008,6,Retail_ETF,31.54459869558006,0.0
980,2008,7,Agri_Machinery_ETF,69.37700460101394,28.88130995354802
104,2008,7,Food_Beverage_ETF,40.33350241867013,18.849535126365105
1272,2008,7,Investment_Funds_ETF,111.4336372060286,18.435166518128657
396,2008,7,Restaurant_FastFood_ETF,43.50646807581275,25.40154470378397
688,2008,7,Retail_ETF,33.11433900840636,0.0
981,2008,8,Agri_Machinery_ETF,69.90134892277004,29.655363031187626
105,2008,8,Food_Beverage_ETF,42.51973662368317,19.906193577838618
1273,2008,8,Investment_Funds_ETF,114.63766887838479,17.480075294202088
397,2008,8,Restaurant_FastFood_ETF,44.402724700689944,25.42501779130599
689,2008,8,Retail_ETF,40.9705840830542,0.0
982,2008,9,Agri_Machinery_ETF,62.26192934510724,26.42348496161102
106,2008,9,Food_Beverage_ETF,42.54877062662718,22.71394107931124
1274,2008,9,Investment_Funds_ETF,108.592428843516,17.783526440936907
398,2008,9,Restaurant_FastFood_ETF,40.72732069928817,22.94808604583822
690,2008,9,Retail_ETF,44.164312461112054,0.0
983,2008,10,Agri_Machinery_ETF,40.29467433195536,16.219080895557113
107,2008,10,Food_Beverage_ETF,38.07902100335846,21.247949334042875
1275,2008,10,Investment_Funds_ETF,87.60178282177743,13.020023088269737
399,2008,10,Restaurant_FastFood_ETF,32.16582182346078,19.9992486114449
691,2008,10,Retail_ETF,36.98031324767898,0.0
984,2008,11,Agri_Machinery_ETF,35.35943919081714,13.814920296522715
108,2008,11,Food_Beverage_ETF,36.67167652681391,21.25317140661726
1276,2008,11,Investment_Funds_ETF,79.19271738568551,14.67851722950283
400,2008,11,Restaurant_FastFood_ETF,29.93227602911572,20.370588918729826
692,2008,11,Retail_ETF,36.61912656428123,0.0
985,2008,12,Agri_Machinery_ETF,38.02861765132929,17.02949517414195
109,2008,12,Food_Beverage_ETF,36.93037039775283,20.479830166590382
1277,2008,12,Investment_Funds_ETF,80.05694176952417,15.427765274615625
401,2008,12,Restaurant_FastFood_ETF,36.00832522027134,24.0022365361717
693,2008,12,Retail_ETF,37.71642092235939,0.0
986,2009,1,Agri_Machinery_ETF,37.540841806832674,15.21167840117196
110,2009,1,Food_Beverage_ETF,37.25506278474727,19.719235836512567
1278,2009,1,Investment_Funds_ETF,78.4926465410507,13.947264540319235
402,2009,1,Restaurant_FastFood_ETF,35.41160666368785,22.262032516982657
694,2009,1,Retail_ETF,33.75871853583985,0.0
987,2009,2,Agri_Machinery_ETF,30.478963888095823,11.58859317828569
111,2009,2,Food_Beverage_ETF,36.84810728932852,19.13329430410183
1279,2009,2,Investment_Funds_ETF,73.29597240491353,11.630889232939536
403,2009,2,Restaurant_FastFood_ETF,34.55064485052696,21.174102434100394
695,2009,2,Retail_ETF,33.02450436919716,0.0
988,2009,3,Agri_Machinery_ETF,29.64374622033283,13.970313830442112
112,2009,3,Food_Beverage_ETF,35.30872552109952,17.80794966389998
1280,2009,3,Investment_Funds_ETF,69.40558958103324,10.044489382954207
404,2009,3,Restaurant_FastFood_ETF,36.22347469549796,22.024708627814412
696,2009,3,Retail_ETF,33.219026120708854,0.0
989,2009,4,Agri_Machinery_ETF,36.74777981483226,17.603953722491607
113,2009,4,Food_Beverage_ETF,37.06160606328731,18.223013261803853
1281,2009,4,Investment_Funds_ETF,77.74758437714513,10.45349625624492
405,2009,4,Restaurant_FastFood_ETF,44.719032909553654,27.40984206490409
697,2009,4,Retail_ETF,40.12838125365479,0.0
990,2009,5,Agri_Machinery_ETF,41.721494718706325,20.412183150870185
114,2009,5,Food_Beverage_ETF,37.117177302522286,17.47073763244447
1282,2009,5,Investment_Funds_ETF,82.25529552859325,11.685981564208921
406,2009,5,Restaurant_FastFood_ETF,44.58037081780796,26.67973526209279
698,2009,5,Retail_ETF,37.3608312538182,0.0
991,2009,6,Agri_Machinery_ETF,42.85863420485298,22.201997267309427
115,2009,6,Food_Beverage_ETF,39.602318235592975,18.679232165935307
1283,2009,6,Investment_Funds_ETF,85.07648669226704,10.571368697792577
407,2009,6,Restaurant_FastFood_ETF,46.49243788144956,28.577427136196484
699,2009,6,Retail_ETF,40.38473785371966,0.0
992,2009,7,Agri_Machinery_ETF,42.20101193846069,21.775561799680588
116,2009,7,Food_Beverage_ETF,41.38246242662688,19.956563341074204
1284,2009,7,Investment_Funds_ETF,85.87799377018452,9.890375459455884
408,2009,7,Restaurant_FastFood_ETF,48.042220243346975,29.740359297786362
700,2009,7,Retail_ETF,45.970550634912115,0.0
993,2009,8,Agri_Machinery_ETF,49.54380859305169,24.737033633523463
117,2009,8,Food_Beverage_ETF,41.74360605604937,19.98395134291017
1285,2009,8,Investment_Funds_ETF,92.66280091713485,11.504322601861398
409,2009,8,Restaurant_FastFood_ETF,49.062552940775745,29.786609739108172
701,2009,8,Retail_ETF,46.89372488918768,0.0
994,2009,9,Agri_Machinery_ETF,50.54723945547342,25.904997629869005
118,2009,9,Food_Beverage_ETF,41.812996874148986,19.422634444454626
1286,2009,9,Investment_Funds_ETF,95.74950456360109,11.20836063604294
410,2009,9,Restaurant_FastFood_ETF,49.45064945105452,29.68808996734779
702,2009,9,Retail_ETF,47.3891569958952,0.0
995,2009,10,Agri_Machinery_ETF,51.04327869477613,24.61593119681711
119,2009,10,Food_Beverage_ETF,42.68073623758366,20.26886735260422
1287,2009,10,Investment_Funds_ETF,97.44190862922224,11.854361547803384
411,2009,10,Restaurant_FastFood_ETF,48.86001276246899,29.176322939324557
703,2009,10,Retail_ETF,49.648275255838364,0.0
996,2009,11,Agri_Machinery_ETF,53.21861481653645,24.149585490152717
120,2009,11,Food_Beverage_ETF,43.16207163204685,20.597568625808094
1288,2009,11,Investment_Funds_ETF,99.88948497403614,12.36869302625007
412,2009,11,Restaurant_FastFood_ETF,49.717648737085185,29.684425945640463
704,2009,11,Retail_ETF,47.239305388190736,0.0
997,2009,12,Agri_Machinery_ETF,55.304196045430885,24.85824576647844
121,2009,12,Food_Beverage_ETF,44.611359447641966,21.29976140875104
1289,2009,12,Investment_Funds_ETF,102.36238420268617,12.096837947608433
413,2009,12,Restaurant_FastFood_ETF,50.57513482082247,29.790090460686127
705,2009,12,Retail_ETF,50.9637954357913,0.0
998,2010,1,Agri_Machinery_ETF,54.699486450470125,21.98301292699732
122,2010,1,Food_Beverage_ETF,44.881262381521935,21.04386808318622
1290,2010,1,Investment_Funds_ETF,102.61775676797977,11.910869244106363
414,2010,1,Restaurant_FastFood_ETF,53.87319940593998,31.727222591012495
706,2010,1,Retail_ETF,51.90135005568224,0.0
999,2010,2,Agri_Machinery_ETF,52.633109044551176,20.500366987221444
123,2010,2,Food_Beverage_ETF,45.638328421430515,20.68064875780263
1291,2010,2,Investment_Funds_ETF,100.33243397265842,11.264576979616816
415,2010,2,Restaurant_FastFood_ETF,56.43467639388868,33.69313142152327
707,2010,2,Retail_ETF,52.659284108687444,0.0
1000,2010,3,Agri_Machinery_ETF,58.77367333288643,24.438379649626587
124,2010,3,Food_Beverage_ETF,48.487794627460524,21.61181932276091
1292,2010,3,Investment_Funds_ETF,106.08289136202966,12.10673969134617
416,2010,3,Restaurant_FastFood_ETF,61.56823614717363,36.62850905315006
708,2010,3,Retail_ETF,58.28102326314386,0.0
1001,2010,4,Agri_Machinery_ETF,62.34673547207133,24.678171603674755
125,2010,4,Food_Beverage_ETF,48.45021173452422,20.820253027477747
1293,2010,4,Investment_Funds_ETF,110.49806964055075,11.218209691086258
417,2010,4,Restaurant_FastFood_ETF,70.14206101852142,42.900245069715375
709,2010,4,Retail_ETF,67.13821028002275,0.0
1002,2010,5,Agri_Machinery_ETF,58.31024383059989,22.855273452295926
126,2010,5,Food_Beverage_ETF,47.64885115725994,21.64487273017984
1294,2010,5,Investment_Funds_ETF,104.04114757488361,10.393673947390784
418,2010,5,Restaurant_FastFood_ETF,71.15653250049482,44.72719957270169
710,2010,5,Retail_ETF,66.80259872042542,0.0
1003,2010,6,Agri_Machinery_ETF,57.02142642581296,23.33759869533303
127,2010,6,Food_Beverage_ETF,42.585837725902245,17.92597925911235
1295,2010,6,Investment_Funds_ETF,100.31255232921188,10.390977443155693
419,2010,6,Restaurant_FastFood_ETF,74.06424727949629,47.879433750827346
711,2010,6,Retail_ETF,65.01529585976243,0.0
1004,2010,7,Agri_Machinery_ETF,58.41983106347611,22.607708551732195
128,2010,7,Food_Beverage_ETF,41.27520423616119,17.947236305588152
1296,2010,7,Investment_Funds_ETF,99.96839061801538,11.04347502257156
420,2010,7,Restaurant_FastFood_ETF,72.44569444392936,46.115234525668384
712,2010,7,Retail_ETF,66.84432228627851,0.0
1005,2010,8,Agri_Machinery_ETF,59.48757138493885,22.064936382709814
129,2010,8,Food_Beverage_ETF,41.51125359509105,18.38934505963894
1297,2010,8,Investment_Funds_ETF,100.82987127232047,11.507700935527703
421,2010,8,Restaurant_FastFood_ETF,76.64743946357176,49.34271779599375
713,2010,8,Retail_ETF,69.2809026645523,0.0
1006,2010,9,Agri_Machinery_ETF,63.418742797373035,23.732150309441945
130,2010,9,Food_Beverage_ETF,42.53453509172376,18.850149765636317
1298,2010,9,Investment_Funds_ETF,96.97175827876185,27.252163769163914
422,2010,9,Restaurant_FastFood_ETF,84.63592344571316,55.45678634164259
714,2010,9,Retail_ETF,40.34927635857646,0.0
1007,2010,10,Agri_Machinery_ETF,67.88931695010193,25.022488044595452
131,2010,10,Food_Beverage_ETF,43.49304236802492,19.35140889390364
1299,2010,10,Investment_Funds_ETF,101.10457951152145,28.69389033241665
423,2010,10,Restaurant_FastFood_ETF,94.49736538833666,63.75733923805356
715,2010,10,Retail_ETF,38.82817541225896,0.0
1008,2010,11,Agri_Machinery_ETF,70.80284479177428,25.591570917350037
132,2010,11,Food_Beverage_ETF,43.427168562622434,19.542016382846384
1300,2010,11,Investment_Funds_ETF,103.61898479242372,29.1625915259984
424,2010,11,Restaurant_FastFood_ETF,111.65259945114953,79.17940789715423
716,2010,11,Retail_ETF,41.23084374285061,0.0
1009,2010,12,Agri_Machinery_ETF,76.33841068051078,28.007200070504624
133,2010,12,Food_Beverage_ETF,44.12042602231178,19.642225535800577
1301,2010,12,Investment_Funds_ETF,106.8195660606215,29.762151479779284
425,2010,12,Restaurant_FastFood_ETF,111.77866164738707,78.02444452192101
717,2010,12,Retail_ETF,47.14341753669833,0.0
1010,2011,1,Agri_Machinery_ETF,81.10359590493582,29.837463475774868
134,2011,1,Food_Beverage_ETF,44.25915006632099,19.355593226191512
1302,2011,1,Investment_Funds_ETF,109.99559548081079,30.763163825883286
426,2011,1,Restaurant_FastFood_ETF,108.57460936439153,74.33739460981928
718,2011,1,Retail_ETF,48.50384359832384,0.0
1011,2011,2,Agri_Machinery_ETF,86.86947431550036,33.29283624602546
135,2011,2,Food_Beverage_ETF,42.643833553270206,18.144867407799754
1303,2011,2,Investment_Funds_ETF,113.06946942049638,31.680613129773768
427,2011,2,Restaurant_FastFood_ETF,121.79165569264228,85.72936667439839
719,2011,2,Retail_ETF,52.16457937054905,0.0
1012,2011,3,Agri_Machinery_ETF,86.15489204563443,33.33808757203236
136,2011,3,Food_Beverage_ETF,43.62072640395916,19.595898711707807
1304,2011,3,Investment_Funds_ETF,111.12157727821574,31.220230783847317
428,2011,3,Restaurant_FastFood_ETF,122.85759236848018,84.58886635882337
720,2011,3,Retail_ETF,55.074811719127034,0.0
1013,2011,4,Agri_Machinery_ETF,90.43783779216025,35.74279183328585
137,2011,4,Food_Beverage_ETF,46.498531576554015,22.160327981222032
1305,2011,4,Investment_Funds_ETF,114.24477619453076,32.25662971844357
429,2011,4,Restaurant_FastFood_ETF,131.87162636611313,91.29985687193327
721,2011,4,Retail_ETF,61.88548953656336,0.0
1014,2011,5,Agri_Machinery_ETF,85.98060741351956,34.4016084394919
138,2011,5,Food_Beverage_ETF,46.73490453895362,22.35353089861882
1306,2011,5,Investment_Funds_ETF,115.23441886624147,32.53100894250019
430,2011,5,Restaurant_FastFood_ETF,136.20473808118177,91.58607891054434
722,2011,5,Retail_ETF,60.737983450855786,0.0
1015,2011,6,Agri_Machinery_ETF,79.6311763799664,32.70977358728395
139,2011,6,Food_Beverage_ETF,45.76808525291553,22.216275677464548
1307,2011,6,Investment_Funds_ETF,110.46784092979755,31.111668849005614
431,2011,6,Restaurant_FastFood_ETF,141.65743426120326,95.25695282392942
723,2011,6,Retail_ETF,62.658128208686,0.0
1016,2011,7,Agri_Machinery_ETF,85.06781605458141,36.27633244217923
140,2011,7,Food_Beverage_ETF,45.70138119539986,21.615511989114246
1308,2011,7,Investment_Funds_ETF,114.12081935451941,32.26587708503028
432,2011,7,Restaurant_FastFood_ETF,161.23739941324,109.64509512289375
724,2011,7,Retail_ETF,68.8464711356914,0.0
1017,2011,8,Agri_Machinery_ETF,72.40711483359512,29.5257411079358
141,2011,8,Food_Beverage_ETF,42.83509265973453,20.637955502182617
1309,2011,8,Investment_Funds_ETF,102.0254025220795,29.160862050370955
433,2011,8,Restaurant_FastFood_ETF,151.70553327432324,101.07640912340085
725,2011,8,Retail_ETF,58.42890804721608,0.0
1018,2011,9,Agri_Machinery_ETF,70.18840192053243,28.19701843319667
142,2011,9,Food_Beverage_ETF,42.36989303404008,20.12478902574558
1310,2011,9,Investment_Funds_ETF,101.85104476798705,28.850153183236788
434,2011,9,Restaurant_FastFood_ETF,161.64281441288767,107.86506584317243
726,2011,9,Retail_ETF,65.7434374747066,0.0
1019,2011,10,Agri_Machinery_ETF,69.73764031575575,28.37778757498704
143,2011,10,Food_Beverage_ETF,42.966400738059605,19.72303806282011
1311,2011,10,Investment_Funds_ETF,104.66695899495838,29.521155173251433
435,2011,10,Restaurant_FastFood_ETF,163.13654674850977,106.65039485637635
727,2011,10,Retail_ETF,68.97662804111283,0.0
1020,2011,11,Agri_Machinery_ETF,73.7637582186616,27.869943128273494
144,2011,11,Food_Beverage_ETF,43.33564353373841,19.315969800136966
1312,2011,11,Investment_Funds_ETF,106.65894280006037,30.440297202546265
436,2011,11,Restaurant_FastFood_ETF,168.89525453543385,107.99906029638096
728,2011,11,Retail_ETF,72.09235673898223,0.0
1021,2011,12,Agri_Machinery_ETF,74.66785409277419,28.429494993042606
145,2011,12,Food_Beverage_ETF,44.32743916137748,19.74580119806796
1313,2011,12,Investment_Funds_ETF,107.89125430603737,30.933069243651126
437,2011,12,Restaurant_FastFood_ETF,175.48084610282496,110.88756122131889
729,2011,12,Retail_ETF,72.39837685420287,0.0
1022,2012,1,Agri_Machinery_ETF,84.64790797678174,33.111259160798106
146,2012,1,Food_Beverage_ETF,45.48148912241072,20.661765047672187
1314,2012,1,Investment_Funds_ETF,112.56663559428479,32.255766169421356
438,2012,1,Restaurant_FastFood_ETF,188.0807100564585,118.56015916551414
730,2012,1,Retail_ETF,77.38278262739196,0.0
1023,2012,2,Agri_Machinery_ETF,90.40687833215858,36.97226220329751
147,2012,2,Food_Beverage_ETF,45.77073777748451,20.948609935202267
1315,2012,2,Investment_Funds_ETF,117.66742410083674,33.27328474756435
439,2012,2,Restaurant_FastFood_ETF,201.77391624914475,126.67102492973541
731,2012,2,Retail_ETF,83.59100567620928,0.0
1024,2012,3,Agri_Machinery_ETF,88.91254989695308,37.32247820593542
148,2012,3,Food_Beverage_ETF,45.89759862307933,20.556930392612305
1316,2012,3,Investment_Funds_ETF,120.48187213695397,33.843032560871535
440,2012,3,Restaurant_FastFood_ETF,218.43352471238788,137.17614580182328
732,2012,3,Retail_ETF,88.30959267513146,0.0
1025,2012,4,Agri_Machinery_ETF,89.68360507173344,38.21719542790552
149,2012,4,Food_Beverage_ETF,46.5699339949448,21.44350247263186
1317,2012,4,Investment_Funds_ETF,120.07493858782365,33.971710728116975
441,2012,4,Restaurant_FastFood_ETF,228.0315434092158,142.42637309432027
733,2012,4,Retail_ETF,96.88969190029638,0.0
1026,2012,5,Agri_Machinery_ETF,84.81008605567251,35.70986091039766
150,2012,5,Food_Beverage_ETF,47.6871460003297,22.021401399863784
1318,2012,5,Investment_Funds_ETF,116.07212253449661,32.84549183473863
442,2012,5,Restaurant_FastFood_ETF,221.26468716631956,136.65040610331585
734,2012,5,Retail_ETF,94.65922127371688,0.0
1027,2012,6,Agri_Machinery_ETF,80.69735648346155,33.52536801649602
151,2012,6,Food_Beverage_ETF,47.87850743096488,22.56060766492348
1319,2012,6,Investment_Funds_ETF,114.43596361578193,32.33720331723955
443,2012,6,Restaurant_FastFood_ETF,218.16534773454617,134.60957197633857
735,2012,6,Retail_ETF,86.49029428760586,0.0
1028,2012,7,Agri_Machinery_ETF,85.00406094077138,38.04377293267414
152,2012,7,Food_Beverage_ETF,48.883866301573896,24.755030146659987
1320,2012,7,Investment_Funds_ETF,117.31080875207613,33.154138992347995
444,2012,7,Restaurant_FastFood_ETF,189.34450148060995,110.38058565702639
736,2012,7,Retail_ETF,83.74282389026482,0.0
1029,2012,8,Agri_Machinery_ETF,85.79968858411833,38.29251448419202
153,2012,8,Food_Beverage_ETF,49.4370667110708,25.57514357675301
1321,2012,8,Investment_Funds_ETF,120.77028312128485,34.04947259550705
445,2012,8,Restaurant_FastFood_ETF,172.16120098151396,96.50376878234447
737,2012,8,Retail_ETF,93.03262372096016,0.0
1030,2012,9,Agri_Machinery_ETF,89.1119127728497,39.30271124821535
154,2012,9,Food_Beverage_ETF,49.70329226264952,24.880929909420335
1322,2012,9,Investment_Funds_ETF,124.52899446352947,34.996124330467616
446,2012,9,Restaurant_FastFood_ETF,189.5180864364886,108.02889029593223
738,2012,9,Retail_ETF,98.36489532198917,0.0
1031,2012,10,Agri_Machinery_ETF,89.27346266798392,38.115630545778515
155,2012,10,Food_Beverage_ETF,49.94837561181831,24.65507825356983
1323,2012,10,Investment_Funds_ETF,122.97551229555354,34.747815201931324
447,2012,10,Restaurant_FastFood_ETF,162.2047792994455,86.71391800836808
739,2012,10,Retail_ETF,96.51681457327071,0.0
1032,2012,11,Agri_Machinery_ETF,90.4141062319183,40.68538883979078
156,2012,11,Food_Beverage_ETF,49.66246038459232,23.867330366065485
1324,2012,11,Investment_Funds_ETF,118.87987698283041,33.46012100884047
448,2012,11,Restaurant_FastFood_ETF,160.2841925731208,85.27836570625374
740,2012,11,Retail_ETF,90.75137319414426,0.0
1033,2012,12,Agri_Machinery_ETF,92.40633605533928,40.45946896503451
157,2012,12,Food_Beverage_ETF,50.86471584178009,23.86118222880924
1325,2012,12,Investment_Funds_ETF,121.52199905811254,34.094804519544304
449,2012,12,Restaurant_FastFood_ETF,167.4544885684578,91.11598566457123
741,2012,12,Retail_ETF,86.14918409235985,0.0
1034,2013,1,Agri_Machinery_ETF,98.40948294378047,42.29849332933428
158,2013,1,Food_Beverage_ETF,52.3461222580632,23.888378231035155
1326,2013,1,Investment_Funds_ETF,125.6687407669859,35.37862884000905
450,2013,1,Restaurant_FastFood_ETF,174.55320665510342,95.61120785411501
742,2013,1,Retail_ETF,95.10143032458426,0.0
1035,2013,2,Agri_Machinery_ETF,101.49394817509466,45.93907383801375
159,2013,2,Food_Beverage_ETF,54.31398814843805,24.108996078624603
1327,2013,2,Investment_Funds_ETF,128.31628488270093,36.21307937203728
451,2013,2,Restaurant_FastFood_ETF,184.79956428846862,102.93205940623939
743,2013,2,Retail_ETF,102.82225860427032,0.0
1036,2013,3,Agri_Machinery_ETF,102.2648956730394,47.13620484600495
160,2013,3,Food_Beverage_ETF,56.440952775395296,24.941951779163013
1328,2013,3,Investment_Funds_ETF,131.8554712425817,37.320917019364316
452,2013,3,Restaurant_FastFood_ETF,190.21556139982658,104.74949084352265
744,2013,3,Retail_ETF,102.57885756874767,0.0
1037,2013,4,Agri_Machinery_ETF,95.1457070227614,41.18629463177519
161,2013,4,Food_Beverage_ETF,57.95846940121765,25.843811521349863
1329,2013,4,Investment_Funds_ETF,133.23208730289585,37.945812879975485
453,2013,4,Restaurant_FastFood_ETF,202.7270922132168,113.26452592865458
745,2013,4,Retail_ETF,108.09259625508494,0.0
1038,2013,5,Agri_Machinery_ETF,100.0848940386577,42.582202903733325
162,2013,5,Food_Beverage_ETF,58.92064301164491,25.893690049172857
1330,2013,5,Investment_Funds_ETF,139.73100135331177,39.458503323025695
454,2013,5,Restaurant_FastFood_ETF,215.52352361128956,120.71338661310799
746,2013,5,Retail_ETF,111.97235410090389,0.0
1039,2013,6,Agri_Machinery_ETF,94.53364532711305,39.14680857504164
163,2013,6,Food_Beverage_ETF,58.05627891414007,25.17137775547429
1331,2013,6,Investment_Funds_ETF,137.77575483527275,38.90398088260718
455,2013,6,Restaurant_FastFood_ETF,212.90936105806728,118.46549859824803
747,2013,6,Retail_ETF,113.13723251552676,0.0
1040,2013,7,Agri_Machinery_ETF,96.08985311923912,40.076044460184946
164,2013,7,Food_Beverage_ETF,60.858500514600394,25.776223288908596
1332,2013,7,Investment_Funds_ETF,142.3012326138556,40.15773840418216
456,2013,7,Restaurant_FastFood_ETF,228.59630242825608,128.8543654081542
748,2013,7,Retail_ETF,119.87974364656053,0.0
1041,2013,8,Agri_Machinery_ETF,94.85169456769569,36.51020875873112
165,2013,8,Food_Beverage_ETF,61.25534189607568,25.334868161172707
1333,2013,8,Investment_Funds_ETF,141.90157338315913,39.74001172250589
457,2013,8,Restaurant_FastFood_ETF,235.60694599384504,133.5797337657052
749,2013,8,Retail_ETF,121.02920311158519,0.0
1042,2013,9,Agri_Machinery_ETF,93.34823302624689,44.083753477544796
166,2013,9,Food_Beverage_ETF,60.001962190246644,25.005593132944092
1334,2013,9,Investment_Funds_ETF,144.56152114716207,40.46534818703415
458,2013,9,Restaurant_FastFood_ETF,243.25105625627157,138.10101971707834
750,2013,9,Retail_ETF,119.61214875545727,0.0
1043,2013,10,Agri_Machinery_ETF,91.22639638018971,41.602847814826504
167,2013,10,Food_Beverage_ETF,60.68550348599147,26.07876692424112
1335,2013,10,Investment_Funds_ETF,148.1639211725685,34.6677665322968
459,2013,10,Restaurant_FastFood_ETF,273.816521660337,160.06760614931872
751,2013,10,Retail_ETF,69.46754484195478,0.0
1044,2013,11,Agri_Machinery_ETF,93.22385140100421,44.08413167041548
168,2013,11,Food_Beverage_ETF,62.833256033631116,26.843841126092702
1336,2013,11,Investment_Funds_ETF,164.53262816140253,10.147940533375614
460,2013,11,Restaurant_FastFood_ETF,304.9694424786707,180.15631885966536
752,2013,11,Retail_ETF,72.17372069853431,0.0
1045,2013,12,Agri_Machinery_ETF,95.95080001625108,44.37069034218442
169,2013,12,Food_Beverage_ETF,63.41291578701798,25.832979447517413
1337,2013,12,Investment_Funds_ETF,167.63949107171356,9.464374785067122
461,2013,12,Restaurant_FastFood_ETF,300.6357490659919,176.2386709604645
753,2013,12,Retail_ETF,74.14892787481038,0.0
1046,2014,1,Agri_Machinery_ETF,98.15050249012738,46.583282777567106
170,2014,1,Food_Beverage_ETF,63.728503507748826,26.198436431296084
1338,2014,1,Investment_Funds_ETF,168.63497343593485,9.10874293066016
462,2014,1,Restaurant_FastFood_ETF,299.6623372997935,175.09668496969954
754,2014,1,Retail_ETF,71.7586572844636,0.0
1047,2014,2,Agri_Machinery_ETF,96.82131182734493,46.7043827959103
171,2014,2,Food_Beverage_ETF,63.78634266027065,27.30387690141625
1339,2014,2,Investment_Funds_ETF,168.05463948597173,9.563155512838266
463,2014,2,Restaurant_FastFood_ETF,316.850073809157,186.58693589736154
755,2014,2,Retail_ETF,66.3546584441323,0.0
1048,2014,3,Agri_Machinery_ETF,98.68456160395525,46.54361402005324
172,2014,3,Food_Beverage_ETF,67.98573496034265,28.444901748449436
1340,2014,3,Investment_Funds_ETF,172.57130004592685,10.15687220384817
464,2014,3,Restaurant_FastFood_ETF,336.8130695263729,198.31338532670154
756,2014,3,Retail_ETF,72.18498461301368,0.0
1049,2014,4,Agri_Machinery_ETF,101.80904820189339,47.51448358189572
173,2014,4,Food_Beverage_ETF,67.42328438320565,26.43200518431472
1341,2014,4,Investment_Funds_ETF,170.89809620104865,10.991196558071707
465,2014,4,Restaurant_FastFood_ETF,306.94632350460614,175.83547138067752
757,2014,4,Retail_ETF,67.63188689613607,0.0
1050,2014,5,Agri_Machinery_ETF,103.5851880384557,50.174914517285195
174,2014,5,Food_Beverage_ETF,66.92459685971502,25.300059443408905
1342,2014,5,Investment_Funds_ETF,172.94593738894557,11.949719570005815
466,2014,5,Restaurant_FastFood_ETF,303.53618747182657,172.59300191186153
758,2014,5,Retail_ETF,64.50076719356916,0.0
1051,2014,6,Agri_Machinery_ETF,104.53001915475839,50.41238956728074
175,2014,6,Food_Beverage_ETF,66.9852960613257,25.62087982377478
1343,2014,6,Investment_Funds_ETF,178.48979850243066,12.194781907455676
467,2014,6,Restaurant_FastFood_ETF,341.36602560950564,197.67879084914577
759,2014,6,Retail_ETF,62.90979224855424,0.0
1052,2014,7,Agri_Machinery_ETF,101.35331075338468,49.26619186722698
176,2014,7,Food_Beverage_ETF,66.27716585864773,23.97844604064648
1344,2014,7,Investment_Funds_ETF,180.5642424240837,12.087322899492094
468,2014,7,Restaurant_FastFood_ETF,367.4757179859606,215.7643156296764
760,2014,7,Retail_ETF,61.54257737306741,0.0
1053,2014,8,Agri_Machinery_ETF,97.72560779324104,47.82889214818054
177,2014,8,Food_Beverage_ETF,66.39893323738103,23.828684109389826
1345,2014,8,Investment_Funds_ETF,179.81631535834975,11.860985121427795
469,2014,8,Restaurant_FastFood_ETF,395.22015142150207,234.63743052167894
761,2014,8,Retail_ETF,63.520311860989096,0.0
1054,2014,9,Agri_Machinery_ETF,94.34889453943214,46.69892472077453
178,2014,9,Food_Beverage_ETF,67.8643495151348,24.036212935183045
1346,2014,9,Investment_Funds_ETF,183.23197061506227,12.117438008327714
470,2014,9,Restaurant_FastFood_ETF,390.9191016425846,229.3249048396285
762,2014,9,Retail_ETF,62.20718290236659,0.0
1055,2014,10,Agri_Machinery_ETF,91.00387294911455,45.591203334411816
179,2014,10,Food_Beverage_ETF,68.75049200597829,25.347390678422826
1347,2014,10,Investment_Funds_ETF,177.17432722886122,11.379419312007105
471,2014,10,Restaurant_FastFood_ETF,378.3642240204534,219.10466044291562
763,2014,10,Retail_ETF,64.59628264541267,0.0
1056,2014,11,Agri_Machinery_ETF,94.76572398865518,46.564444993911394
180,2014,11,Food_Beverage_ETF,72.78520190159396,26.729603257898482
1348,2014,11,Investment_Funds_ETF,188.57566760810852,11.988592441385126
472,2014,11,Restaurant_FastFood_ETF,392.388835438478,224.48832088857722
764,2014,11,Retail_ETF,74.62113428356403,0.0
1057,2014,12,Agri_Machinery_ETF,90.63738894361508,43.021353105457884
181,2014,12,Food_Beverage_ETF,73.07041996744076,26.277962311227427
1349,2014,12,Investment_Funds_ETF,189.23419479112255,11.701517435039236
473,2014,12,Restaurant_FastFood_ETF,377.0972114687851,213.17798370391733
765,2014,12,Retail_ETF,77.64170801367636,0.0
1058,2015,1,Agri_Machinery_ETF,85.58743480900117,40.009003307353126
182,2015,1,Food_Beverage_ETF,75.01455006690858,29.0887687300304
1350,2015,1,Investment_Funds_ETF,187.1246279643062,11.49526242240669
474,2015,1,Restaurant_FastFood_ETF,402.1960925110619,227.83443500909425
766,2015,1,Retail_ETF,79.43844351964596,0.0
1059,2015,2,Agri_Machinery_ETF,87.9129263278545,40.33834981336532
183,2015,2,Food_Beverage_ETF,76.04007655656889,30.612446285732624
1351,2015,2,Investment_Funds_ETF,191.8939764138023,12.11626649981685
475,2015,2,Restaurant_FastFood_ETF,392.14726862814285,217.7223686940465
767,2015,2,Retail_ETF,85.48185107344767,0.0
1060,2015,3,Agri_Machinery_ETF,87.58797503914825,39.42259142020411
184,2015,3,Food_Beverage_ETF,75.59941537201043,30.67604082576934
1352,2015,3,Investment_Funds_ETF,193.28459750235123,11.95576276745882
476,2015,3,Restaurant_FastFood_ETF,389.9926355118667,213.88185431382811
768,2015,3,Retail_ETF,86.49919258857295,0.0
1061,2015,4,Agri_Machinery_ETF,88.49030136411841,38.85452873368142
185,2015,4,Food_Beverage_ETF,76.70641705235005,31.428097548828642
1353,2015,4,Investment_Funds_ETF,194.48591392023286,12.311032597509822
477,2015,4,Restaurant_FastFood_ETF,382.9264328658604,211.4321228134263
769,2015,4,Retail_ETF,88.2689651393222,0.0
1062,2015,5,Agri_Machinery_ETF,90.50042605290264,40.39790130893465
186,2015,5,Food_Beverage_ETF,76.84651538656493,30.149827873240085
1354,2015,5,Investment_Funds_ETF,196.2945632934794,12.408014768353253
478,2015,5,Restaurant_FastFood_ETF,369.9610357384271,201.3566846145475
770,2015,5,Retail_ETF,87.62861081907617,0.0
1063,2015,6,Agri_Machinery_ETF,90.11308158625346,39.39717527949774
187,2015,6,Food_Beverage_ETF,79.15206361694491,33.82182659441765
1355,2015,6,Investment_Funds_ETF,195.5803427679366,12.925602456423867
479,2015,6,Restaurant_FastFood_ETF,361.58742506512203,194.6127473242488
771,2015,6,Retail_ETF,90.33185650247779,0.0
1064,2015,7,Agri_Machinery_ETF,86.67388991138431,37.606686110066775
188,2015,7,Food_Beverage_ETF,84.20744694651167,40.7786831182351
1356,2015,7,Investment_Funds_ETF,194.89593522385456,13.374193022595875
480,2015,7,Restaurant_FastFood_ETF,402.9634123879131,219.82852122620204
772,2015,7,Retail_ETF,92.37956032754822,0.0
1065,2015,8,Agri_Machinery_ETF,81.44488610570856,34.879925547017486
189,2015,8,Food_Beverage_ETF,84.65387900281424,41.67794732186772
1357,2015,8,Investment_Funds_ETF,185.32376050572185,13.967596419274582
481,2015,8,Restaurant_FastFood_ETF,429.40512911473144,237.09899288143873
773,2015,8,Retail_ETF,88.31589138809,0.0
1066,2015,9,Agri_Machinery_ETF,74.7567627711832,32.273518893421894
190,2015,9,Food_Beverage_ETF,86.2711497027274,45.697791942412564
1358,2015,9,Investment_Funds_ETF,180.80463835596998,13.288871604208952
482,2015,9,Restaurant_FastFood_ETF,427.1582303528687,234.9486319515244
774,2015,9,Retail_ETF,84.31857810152466,0.0
1067,2015,10,Agri_Machinery_ETF,74.96230188027602,32.80293493598998
191,2015,10,Food_Beverage_ETF,95.65733223485827,56.63458279887586
1359,2015,10,Investment_Funds_ETF,188.27926159724575,13.01572902747197
483,2015,10,Restaurant_FastFood_ETF,413.1107609179775,224.66662483163842
775,2015,10,Retail_ETF,88.00125427395353,0.0
1068,2015,11,Agri_Machinery_ETF,79.78575685182565,35.67801172823776
192,2015,11,Food_Beverage_ETF,90.12529928950777,49.29308835202364
1360,2015,11,Investment_Funds_ETF,194.50822118774087,13.202620367232543
484,2015,11,Restaurant_FastFood_ETF,354.9305112030066,187.16962720453932
776,2015,11,Retail_ETF,90.08782679842933,0.0
1069,2015,12,Agri_Machinery_ETF,76.8503609510762,33.53251055021551
193,2015,12,Food_Beverage_ETF,92.30216248585468,49.703201508741515
1361,2015,12,Investment_Funds_ETF,192.36400484602325,13.049506139645613
485,2015,12,Restaurant_FastFood_ETF,328.876186200821,169.2364501664652
777,2015,12,Retail_ETF,87.21225854766963,0.0
1070,2016,1,Agri_Machinery_ETF,72.66378188377544,32.144647848080155
194,2016,1,Food_Beverage_ETF,88.16580010131483,45.55495836830782
1362,2016,1,Investment_Funds_ETF,178.18792371656323,11.962792437469083
486,2016,1,Restaurant_FastFood_ETF,278.6294963694775,138.3228267975766
778,2016,1,Retail_ETF,83.42413970403196,0.0
1071,2016,2,Agri_Machinery_ETF,76.47437957417435,34.2394708725124
195,2016,2,Food_Beverage_ETF,86.91574363759685,44.33187091083776
1363,2016,2,Investment_Funds_ETF,175.72600867955842,11.382160395037129
487,2016,2,Restaurant_FastFood_ETF,301.3339311493017,152.285501601444
779,2016,2,Retail_ETF,83.92448186397313,0.0
1072,2016,3,Agri_Machinery_ETF,83.83912075640649,37.438181062040705
196,2016,3,Food_Beverage_ETF,89.05398205551279,45.07696038074815
1364,2016,3,Investment_Funds_ETF,187.32371914501036,11.86609126128552
488,2016,3,Restaurant_FastFood_ETF,308.70738569276403,153.92855846894005
780,2016,3,Retail_ETF,88.61782958951177,0.0
1073,2016,4,Agri_Machinery_ETF,87.53505962771821,40.55033157669358
197,2016,4,Food_Beverage_ETF,87.90690478885566,42.8517873347693
1365,2016,4,Investment_Funds_ETF,192.4477930886194,11.944242246894936
489,2016,4,Restaurant_FastFood_ETF,282.7549496271229,137.03957611936988
781,2016,4,Retail_ETF,91.71322369068835,0.0
1074,2016,5,Agri_Machinery_ETF,88.01976037686778,41.572529655299434
198,2016,5,Food_Beverage_ETF,82.87158370034174,36.38541133744879
1366,2016,5,Investment_Funds_ETF,191.06604088676372,12.211245722846392
490,2016,5,Restaurant_FastFood_ETF,283.6008559167485,138.5509077299714
782,2016,5,Retail_ETF,93.93058815455299,0.0
1075,2016,6,Agri_Machinery_ETF,90.01426289648641,41.841148879268246
199,2016,6,Food_Beverage_ETF,84.50863068075633,36.799231904024495
1367,2016,6,Investment_Funds_ETF,191.0451730416698,12.614189551939738
491,2016,6,Restaurant_FastFood_ETF,260.90258272002524,124.6077098152586
783,2016,6,Retail_ETF,93.10248245744711,0.0
1076,2016,7,Agri_Machinery_ETF,90.05192621803795,41.906657962440114
200,2016,7,Food_Beverage_ETF,90.42711066722333,40.33436815474198
1368,2016,7,Investment_Funds_ETF,198.03519168332912,12.79422740792396
492,2016,7,Restaurant_FastFood_ETF,267.9649231741352,128.39456792153283
784,2016,7,Retail_ETF,91.84944695372035,0.0
1077,2016,8,Agri_Machinery_ETF,90.48014146378671,41.216613903562354
201,2016,8,Food_Beverage_ETF,91.19987280587205,41.411453606492024
1369,2016,8,Investment_Funds_ETF,202.537147259017,13.689169708187029
493,2016,8,Restaurant_FastFood_ETF,260.2953431796819,123.69659257900385
785,2016,8,Retail_ETF,85.83143237938336,0.0
1078,2016,9,Agri_Machinery_ETF,90.05438972672165,41.089804178549684
202,2016,9,Food_Beverage_ETF,87.94428316016509,40.52321737169313
1370,2016,9,Investment_Funds_ETF,201.14447324308787,14.121483194315045
494,2016,9,Restaurant_FastFood_ETF,267.84678650452946,128.83654565673396
786,2016,9,Retail_ETF,70.01907981871773,0.0
1079,2016,10,Agri_Machinery_ETF,91.53903271212378,40.68465506952404
203,2016,10,Food_Beverage_ETF,86.2821477013987,38.84514646928879
1371,2016,10,Investment_Funds_ETF,200.31896189328307,14.053833381304276
495,2016,10,Restaurant_FastFood_ETF,256.0617656439881,122.32210648135566
787,2016,10,Retail_ETF,65.9334187567253,0.0
1080,2016,11,Agri_Machinery_ETF,98.35801972489068,44.05655911063486
204,2016,11,Food_Beverage_ETF,87.94545413778579,43.6192399817251
1372,2016,11,Investment_Funds_ETF,202.8713314275471,12.482283939758679
496,2016,11,Restaurant_FastFood_ETF,251.62760636487857,120.96822689295882
788,2016,11,Retail_ETF,70.01103304809833,0.0
1081,2016,12,Agri_Machinery_ETF,105.20240898687948,47.08451975784744
205,2016,12,Food_Beverage_ETF,90.75291009076508,47.14009529415167
1373,2016,12,Investment_Funds_ETF,210.9491387991318,11.78508694369462
497,2016,12,Restaurant_FastFood_ETF,246.83218412724696,116.29454673051893
789,2016,12,Retail_ETF,76.48559731088066,0.0
1082,2017,1,Agri_Machinery_ETF,104.20031529341881,44.80775284924155
206,2017,1,Food_Beverage_ETF,92.03603136871712,47.48219208080154
1374,2017,1,Investment_Funds_ETF,213.86362184152364,12.248886793354373
498,2017,1,Restaurant_FastFood_ETF,260.770917079048,125.31432837403821
790,2017,1,Retail_ETF,75.38919007771568,0.0
1083,2017,2,Agri_Machinery_ETF,107.75703462441888,47.130403392033344
207,2017,2,Food_Beverage_ETF,94.34586504060182,48.78346276791479
1375,2017,2,Investment_Funds_ETF,220.21182928091085,13.036185957256501
499,2017,2,Restaurant_FastFood_ETF,266.5311519473488,128.0799072541933
791,2017,2,Retail_ETF,72.55309369219496,0.0
1084,2017,3,Agri_Machinery_ETF,108.13001484687553,48.50252460145349
208,2017,3,Food_Beverage_ETF,98.23285306980497,53.12044850054516
1376,2017,3,Investment_Funds_ETF,223.8581679318379,12.934137920386787
500,2017,3,Restaurant_FastFood_ETF,268.208067227372,129.25868339696535
792,2017,3,Retail_ETF,70.55546991809595,0.0
1085,2017,4,Agri_Machinery_ETF,108.93212227938764,48.156635136465475
209,2017,4,Food_Beverage_ETF,101.8418882179601,57.14455432041373
1377,2017,4,Investment_Funds_ETF,223.50117932752255,13.893314423880653
501,2017,4,Restaurant_FastFood_ETF,295.4281312929885,144.90435571748276
793,2017,4,Retail_ETF,65.52141014359472,0.0
1086,2017,5,Agri_Machinery_ETF,111.57074529417937,47.78170510479335
210,2017,5,Food_Beverage_ETF,103.10689128052303,59.69861088660882
1378,2017,5,Investment_Funds_ETF,227.7577660680838,15.54302825922237
502,2017,5,Restaurant_FastFood_ETF,306.0453264652267,149.3581860272786
794,2017,5,Retail_ETF,57.98872859176825,0.0
1087,2017,6,Agri_Machinery_ETF,114.97943714079203,48.43103454396705
211,2017,6,Food_Beverage_ETF,108.80833912412987,65.95530757090765
1379,2017,6,Investment_Funds_ETF,231.8407257382886,15.511008920999862
503,2017,6,Restaurant_FastFood_ETF,286.15274057335705,136.33346259507007
795,2017,6,Retail_ETF,55.02884028754266,0.0
1088,2017,7,Agri_Machinery_ETF,118.20637670603892,49.36974949241502
212,2017,7,Food_Beverage_ETF,107.77873318069621,66.91959201201519
1380,2017,7,Investment_Funds_ETF,233.9877837817041,15.396693288966638
504,2017,7,Restaurant_FastFood_ETF,246.3381152362545,113.06199802479611
796,2017,7,Retail_ETF,53.09731332427411,0.0
1089,2017,8,Agri_Machinery_ETF,115.58237864172193,47.81708918031293
213,2017,8,Food_Beverage_ETF,104.47280511191131,60.37675335865562
1381,2017,8,Investment_Funds_ETF,235.12808922684312,14.541890317848107
505,2017,8,Restaurant_FastFood_ETF,220.23239537352038,98.56315705151415
797,2017,8,Retail_ETF,56.18539238047331,0.0
1090,2017,9,Agri_Machinery_ETF,119.09986187489054,49.15932209892607
214,2017,9,Food_Beverage_ETF,104.0705655484584,59.626084642493154
1382,2017,9,Investment_Funds_ETF,238.7026760164233,15.221432933731295
506,2017,9,Restaurant_FastFood_ETF,215.6537713250517,96.32930835520084
798,2017,9,Retail_ETF,61.3540533897625,0.0
1091,2017,10,Agri_Machinery_ETF,127.35546515256543,52.93952248477835
215,2017,10,Food_Beverage_ETF,106.65506679613924,62.70889203073496
1383,2017,10,Investment_Funds_ETF,245.6845908424287,14.498106991287242
507,2017,10,Restaurant_FastFood_ETF,212.96339105521474,94.77662253221324
799,2017,10,Retail_ETF,59.151288416164874,0.0
1092,2017,11,Agri_Machinery_ETF,131.69266553521823,55.598941948933685
216,2017,11,Food_Beverage_ETF,104.88515733591592,57.78135131852451
1384,2017,11,Investment_Funds_ETF,251.11995920309067,15.5054421946235
508,2017,11,Restaurant_FastFood_ETF,201.61892864011017,87.40638422336103
800,2017,11,Retail_ETF,63.56064888068704,0.0
1093,2017,12,Agri_Machinery_ETF,137.8794774474704,58.64703681680236
217,2017,12,Food_Beverage_ETF,111.37728754827101,61.52561886101498
1385,2017,12,Investment_Funds_ETF,257.3206666639803,13.7284233881698
509,2017,12,Restaurant_FastFood_ETF,215.41324998481602,94.50672253275157
801,2017,12,Retail_ETF,69.59120167703904,0.0
1094,2018,1,Agri_Machinery_ETF,145.10035610669078,62.91285016962794
218,2018,1,Food_Beverage_ETF,107.24073844634594,57.40029773091797
1386,2018,1,Investment_Funds_ETF,270.259997274149,14.507115778883303
510,2018,1,Restaurant_FastFood_ETF,226.19149552577386,100.56692719603231
802,2018,1,Retail_ETF,79.08780576945189,0.0
1095,2018,2,Agri_Machinery_ETF,137.0485679111001,59.44435465888383
219,2018,2,Food_Beverage_ETF,99.06620446443989,52.22239767618586
1387,2018,2,Investment_Funds_ETF,261.1041972983012,15.807917131584027
511,2018,2,Restaurant_FastFood_ETF,209.4192677746531,94.10926378743984
803,2018,2,Retail_ETF,67.55261886942434,0.0
1096,2018,3,Agri_Machinery_ETF,132.46969412645046,57.698125130615054
220,2018,3,Food_Beverage_ETF,97.08842269913717,50.82032391143361
1388,2018,3,Investment_Funds_ETF,262.3010748991039,19.240229130029284
512,2018,3,Restaurant_FastFood_ETF,225.2964036292579,103.13978570535191
804,2018,3,Retail_ETF,62.654690750662915,0.0
1097,2018,4,Agri_Machinery_ETF,127.9231921197806,54.95573692461826
221,2018,4,Food_Beverage_ETF,93.29976010508685,47.60185308346697
1389,2018,4,Investment_Funds_ETF,257.0911682394881,17.24325438795915
513,2018,4,Restaurant_FastFood_ETF,250.7449844461197,118.22928902211609
805,2018,4,Retail_ETF,61.971842402934804,0.0
1098,2018,5,Agri_Machinery_ETF,127.86283404719423,56.63363523083977
222,2018,5,Food_Beverage_ETF,82.2667734789358,37.31902327324958
1390,2018,5,Investment_Funds_ETF,263.2833496793785,20.03589598845476
514,2018,5,Restaurant_FastFood_ETF,280.2507810641936,136.8325406254203
806,2018,5,Retail_ETF,70.66748763294633,0.0
1099,2018,6,Agri_Machinery_ETF,127.53303804466864,57.16406836761671
223,2018,6,Food_Beverage_ETF,83.41352226949392,37.581787789649596
1391,2018,6,Investment_Funds_ETF,269.391824564699,23.618738609401973
515,2018,6,Restaurant_FastFood_ETF,295.4854193653961,146.36561653498094
807,2018,6,Retail_ETF,76.0787376257391,0.0
1100,2018,7,Agri_Machinery_ETF,121.09365699552217,53.74991380897396
224,2018,7,Food_Beverage_ETF,86.10245765092289,40.28810248755876
1392,2018,7,Investment_Funds_ETF,273.0083680497651,24.338827228740005
516,2018,7,Restaurant_FastFood_ETF,293.6345040028827,145.07512471232442
808,2018,7,Retail_ETF,78.24749869539033,0.0
1101,2018,8,Agri_Machinery_ETF,121.70075527586368,53.12590507051994
225,2018,8,Food_Beverage_ETF,94.09178956504003,47.30104499321639
1393,2018,8,Investment_Funds_ETF,279.3084191324693,24.29637711210975
517,2018,8,Restaurant_FastFood_ETF,315.7757765939442,158.5109261685589
809,2018,8,Retail_ETF,83.08912897794693,0.0
1102,2018,9,Agri_Machinery_ETF,124.67415994457046,55.79259984118284
226,2018,9,Food_Beverage_ETF,98.37840011813029,50.95468071414033
1394,2018,9,Investment_Funds_ETF,284.0090651228341,23.454878215067964
518,2018,9,Restaurant_FastFood_ETF,310.14969631223045,153.98269375621376
810,2018,9,Retail_ETF,89.57643291102764,0.0
1103,2018,10,Agri_Machinery_ETF,114.58709824630057,51.569558288314575
227,2018,10,Food_Beverage_ETF,94.98597039421425,47.852130614309814
1395,2018,10,Investment_Funds_ETF,269.8834179764693,18.18020262422639
519,2018,10,Restaurant_FastFood_ETF,288.38719112524916,140.6801663611117
811,2018,10,Retail_ETF,88.44710355642565,0.0
1104,2018,11,Agri_Machinery_ETF,115.40271450843194,51.89926698983783
228,2018,11,Food_Beverage_ETF,102.952856391339,55.31306920002331
1396,2018,11,Investment_Funds_ETF,265.06639499297523,15.729597236157032
520,2018,11,Restaurant_FastFood_ETF,307.4758487046343,150.82537180873894
812,2018,11,Retail_ETF,93.24596313725353,0.0
1105,2018,12,Agri_Machinery_ETF,109.79669843098475,51.12287113841493
229,2018,12,Food_Beverage_ETF,101.38609957939869,57.5592503025273
1397,2018,12,Investment_Funds_ETF,247.9767036061626,15.316567736930464
521,2018,12,Restaurant_FastFood_ETF,284.7768860847797,138.147294358595
813,2018,12,Retail_ETF,87.23437228243351,0.0
1106,2019,1,Agri_Machinery_ETF,115.74813448808753,53.47009684965119
230,2019,1,Food_Beverage_ETF,102.1427782619798,58.10790235055155
1398,2019,1,Investment_Funds_ETF,253.53975164936736,15.812085922937209
522,2019,1,Restaurant_FastFood_ETF,318.35697766956196,158.97085850016012
814,2019,1,Retail_ETF,85.85988276549817,0.0
1107,2019,2,Agri_Machinery_ETF,123.85137088668728,55.84157909596377
231,2019,2,Food_Beverage_ETF,111.03093593992595,65.26134838673197
1399,2019,2,Investment_Funds_ETF,269.3708095037697,17.775586135463712
523,2019,2,Restaurant_FastFood_ETF,355.78342333359507,182.7454236200933
815,2019,2,Retail_ETF,93.5682480009846,0.0
1108,2019,3,Agri_Machinery_ETF,124.11764357122325,54.511905155784895
232,2019,3,Food_Beverage_ETF,122.67093436683759,75.79048762631521
1400,2019,3,Investment_Funds_ETF,273.92118497623187,20.011144305581926
524,2019,3,Restaurant_FastFood_ETF,386.3544673167179,204.3343752357972
816,2019,3,Retail_ETF,92.58624266081229,0.0
1109,2019,4,Agri_Machinery_ETF,126.70612611464473,55.4258431718648
233,2019,4,Food_Beverage_ETF,137.36688872392273,87.80895381534683
1401,2019,4,Investment_Funds_ETF,284.100554326345,23.32268114569176
525,2019,4,Restaurant_FastFood_ETF,410.82340495534834,218.5244398420418
817,2019,4,Retail_ETF,102.58489518134957,0.0
1110,2019,5,Agri_Machinery_ETF,116.9662844905254,49.49632542100844
234,2019,5,Food_Beverage_ETF,148.71515234881866,97.25290634800965
1402,2019,5,Investment_Funds_ETF,278.3589096460491,22.595384909290388
526,2019,5,Restaurant_FastFood_ETF,411.2521438637148,217.49224367941952
818,2019,5,Retail_ETF,101.41687941508297,0.0
1111,2019,6,Agri_Machinery_ETF,119.93976074520084,51.86600875825852
235,2019,6,Food_Beverage_ETF,144.57920598739506,89.5212412485973
1403,2019,6,Investment_Funds_ETF,281.3633691654797,20.94123580881469
527,2019,6,Restaurant_FastFood_ETF,420.5854917932767,222.58206402555322
819,2019,6,Retail_ETF,106.3644153673533,0.0
1112,2019,7,Agri_Machinery_ETF,126.26941437081075,54.846353871161796
236,2019,7,Food_Beverage_ETF,146.32118527312016,89.08906012374801
1404,2019,7,Investment_Funds_ETF,292.33084652616265,23.91729888796843
528,2019,7,Restaurant_FastFood_ETF,442.1245988011569,237.50420612610273
820,2019,7,Retail_ETF,111.05513761842407,0.0
1113,2019,8,Agri_Machinery_ETF,120.77508018654908,51.53351481010021
237,2019,8,Food_Beverage_ETF,158.11264984577315,99.03759624634603
1405,2019,8,Investment_Funds_ETF,282.23803843122744,22.683688911575455
529,2019,8,Restaurant_FastFood_ETF,460.4302676988248,252.64089646136782
821,2019,8,Retail_ETF,102.48656214605744,0.0
1114,2019,9,Agri_Machinery_ETF,129.18368701649015,54.85355899671715
238,2019,9,Food_Beverage_ETF,149.95252907037246,87.96271385334613
1406,2019,9,Investment_Funds_ETF,290.7199624122819,22.68524849220756
530,2019,9,Restaurant_FastFood_ETF,463.11994666312125,255.7976183509328
822,2019,9,Retail_ETF,96.13541110570262,0.0
1115,2019,10,Agri_Machinery_ETF,130.28291045243762,56.36966604762515
239,2019,10,Food_Beverage_ETF,146.704517766582,85.56320765531957
1407,2019,10,Investment_Funds_ETF,288.91984434405333,23.096059906892982
531,2019,10,Restaurant_FastFood_ETF,457.24138602689897,254.472608996747
823,2019,10,Retail_ETF,93.87998180214343,0.0
1116,2019,11,Agri_Machinery_ETF,136.06399674009236,58.666858887496616
240,2019,11,Food_Beverage_ETF,142.37357647045587,79.79030800310737
1408,2019,11,Investment_Funds_ETF,303.01988598599064,25.889946553029
532,2019,11,Restaurant_FastFood_ETF,437.51395959806007,240.59772299593567
824,2019,11,Retail_ETF,96.45253686600488,0.0
1117,2019,12,Agri_Machinery_ETF,137.20867280134237,58.80572261454605
241,2019,12,Food_Beverage_ETF,146.98458974027045,81.82559934214514
1409,2019,12,Investment_Funds_ETF,310.17445903741543,28.13366814598639
533,2019,12,Restaurant_FastFood_ETF,465.903246668672,260.8458960405246
825,2019,12,Retail_ETF,94.31292848240211,0.0
1118,2020,1,Agri_Machinery_ETF,137.9395286733361,59.624096230614064
242,2020,1,Food_Beverage_ETF,147.7628020627917,81.86937553530485
1410,2020,1,Investment_Funds_ETF,320.02477146419403,31.406102016406415
534,2020,1,Restaurant_FastFood_ETF,486.08561688657534,274.8455548603393
826,2020,1,Retail_ETF,92.65632932615377,0.0
1119,2020,2,Agri_Machinery_ETF,129.8936869213676,57.39429661542858
243,2020,2,Food_Beverage_ETF,138.3860218322176,74.91479826914639
1411,2020,2,Investment_Funds_ETF,310.7407224032077,34.96114664312926
535,2020,2,Restaurant_FastFood_ETF,486.4023872956921,273.086558111071
827,2020,2,Retail_ETF,94.57823361906537,0.0
1120,2020,3,Agri_Machinery_ETF,101.32899074834049,46.07509526945171
244,2020,3,Food_Beverage_ETF,118.9469637558346,63.78265262700922
1412,2020,3,Investment_Funds_ETF,256.9991992980472,34.069199047486165
536,2020,3,Restaurant_FastFood_ETF,368.38156086823454,208.53388365171102
828,2020,3,Retail_ETF,80.88082989667087,0.0
1121,2020,4,Agri_Machinery_ETF,106.22262103094641,49.154230547532705
245,2020,4,Food_Beverage_ETF,128.27838155668488,68.71422552564461
1413,2020,4,Investment_Funds_ETF,271.66934285408604,39.54273668635602
537,2020,4,Restaurant_FastFood_ETF,447.4724974345032,260.14627739692924
829,2020,4,Retail_ETF,92.95244547567236,0.0
1122,2020,5,Agri_Machinery_ETF,105.68008157133563,48.253183599571635
246,2020,5,Food_Beverage_ETF,130.0852814490669,70.00301063100521
1414,2020,5,Investment_Funds_ETF,291.2558704631445,47.2838827226026
538,2020,5,Restaurant_FastFood_ETF,532.4829111548049,316.96146574885364
830,2020,5,Retail_ETF,111.34606645546621,0.0
1123,2020,6,Agri_Machinery_ETF,116.28007702059563,53.6531496397512
247,2020,6,Food_Beverage_ETF,130.8380538114531,69.58661431128333
1415,2020,6,Investment_Funds_ETF,312.05306016690935,52.49999987629336
539,2020,6,Restaurant_FastFood_ETF,569.9978801071583,341.19250224392886
831,2020,6,Retail_ETF,125.39919165620114,0.0
1124,2020,7,Agri_Machinery_ETF,122.76546722339101,57.49152685242815
248,2020,7,Food_Beverage_ETF,130.20578170953,68.34105458812463
1416,2020,7,Investment_Funds_ETF,324.56330740513687,61.955311450849365
540,2020,7,Restaurant_FastFood_ETF,614.5413936720406,372.7338536565366
832,2020,7,Retail_ETF,141.79861468553517,0.0
1125,2020,8,Agri_Machinery_ETF,135.56578208834992,64.39791750723077
249,2020,8,Food_Beverage_ETF,144.46938062077047,78.79256508100516
1417,2020,8,Investment_Funds_ETF,345.70102378278506,68.88030679734969
541,2020,8,Restaurant_FastFood_ETF,660.3491765795834,402.0168481846346
833,2020,8,Retail_ETF,150.02081574583093,0.0
1126,2020,9,Agri_Machinery_ETF,141.32791116979485,70.35807823280678
250,2020,9,Food_Beverage_ETF,140.127622363413,76.0714077500794
1418,2020,9,Investment_Funds_ETF,343.2702858914613,67.4861476954056
542,2020,9,Restaurant_FastFood_ETF,688.4380830710119,419.3492514650692
834,2020,9,Retail_ETF,141.00638933757588,0.0
1127,2020,10,Agri_Machinery_ETF,153.74516915314035,75.70234950335917
251,2020,10,Food_Beverage_ETF,137.18639996447496,72.55087557488895
1419,2020,10,Investment_Funds_ETF,346.682812516427,70.6564000621563
543,2020,10,Restaurant_FastFood_ETF,703.357740046819,426.7680365787194
835,2020,10,Retail_ETF,143.34805583452794,0.0
1128,2020,11,Agri_Machinery_ETF,169.5501688458602,81.30629716199005
252,2020,11,Food_Beverage_ETF,141.72308295741277,75.60099112523362
1420,2020,11,Investment_Funds_ETF,360.84721982910514,72.39422822320594
544,2020,11,Restaurant_FastFood_ETF,690.6704876465377,415.56547257788515
836,2020,11,Retail_ETF,133.79764391034442,0.0
1129,2020,12,Agri_Machinery_ETF,178.17276995776328,84.07597655335385
253,2020,12,Food_Beverage_ETF,146.98344088410926,79.2256458164619
1421,2020,12,Investment_Funds_ETF,380.1620356098264,81.4709720600806
545,2020,12,Restaurant_FastFood_ETF,739.7302357499316,447.68081845229517
837,2020,12,Retail_ETF,141.69743790701457,0.0
1130,2021,1,Agri_Machinery_ETF,199.94866330577344,94.14082034433348
254,2021,1,Food_Beverage_ETF,145.9743217111235,79.09507623206618
1422,2021,1,Investment_Funds_ETF,391.50701525715675,88.603127892179
546,2021,1,Restaurant_FastFood_ETF,765.370259994219,464.7686414721134
838,2021,1,Retail_ETF,150.91099938686554,0.0
1131,2021,2,Agri_Machinery_ETF,217.80459633590982,104.19078019654337
255,2021,2,Food_Beverage_ETF,147.1192313180715,79.27466792041407
1423,2021,2,Investment_Funds_ETF,402.85635155582895,94.3056769768286
547,2021,2,Restaurant_FastFood_ETF,797.2979521723988,485.92751103185884
839,2021,2,Retail_ETF,158.40246843821015,0.0
1132,2021,3,Agri_Machinery_ETF,239.26143666807621,116.81803861683152
256,2021,3,Food_Beverage_ETF,154.03820242451883,83.09001311834295
1424,2021,3,Investment_Funds_ETF,400.91955926648063,80.89308536417299
548,2021,3,Restaurant_FastFood_ETF,772.9935523989752,462.8730799981508
840,2021,3,Retail_ETF,167.63513938489285,0.0
1133,2021,4,Agri_Machinery_ETF,245.34212013047986,119.66514505743872
257,2021,4,Food_Beverage_ETF,162.69741454734557,88.5705071668098
1425,2021,4,Investment_Funds_ETF,292.5766409240659,156.18698468158647
549,2021,4,Restaurant_FastFood_ETF,824.9785926331643,489.2375173254808
841,2021,4,Retail_ETF,182.53131693563608,0.0
1134,2021,5,Agri_Machinery_ETF,247.75253801311163,119.70272767125884
258,2021,5,Food_Beverage_ETF,178.14151339902838,100.14021128613945
1426,2021,5,Investment_Funds_ETF,291.0871993970842,166.31736117346736
550,2021,5,Restaurant_FastFood_ETF,771.5650904025545,444.53733076899704
842,2021,5,Retail_ETF,186.8864663885477,0.0
1135,2021,6,Agri_Machinery_ETF,232.01667741858867,111.44344389267248
259,2021,6,Food_Beverage_ETF,202.40115719793147,123.6851409832297
1427,2021,6,Investment_Funds_ETF,296.5871523263561,168.11037577904378
551,2021,6,Restaurant_FastFood_ETF,799.7562801104694,460.6852441601072
843,2021,6,Retail_ETF,179.55751463880242,0.0
1136,2021,7,Agri_Machinery_ETF,229.16969622265339,112.46021003889629
260,2021,7,Food_Beverage_ETF,199.31258177027792,120.18759263351735
1428,2021,7,Investment_Funds_ETF,305.0503160925308,172.0375675250336
552,2021,7,Restaurant_FastFood_ETF,949.637805647514,557.4874097894852
844,2021,7,Retail_ETF,184.8423079964263,0.0
1137,2021,8,Agri_Machinery_ETF,239.4539696285465,118.48549148664
261,2021,8,Food_Beverage_ETF,199.9793149584738,118.54403799960585
1429,2021,8,Investment_Funds_ETF,312.9465225572434,176.1129346184519
553,2021,8,Restaurant_FastFood_ETF,1054.529689275339,624.9924468790275
845,2021,8,Retail_ETF,191.02659275413131,0.0
1138,2021,9,Agri_Machinery_ETF,232.0266443537653,114.92688684822572
262,2021,9,Food_Beverage_ETF,197.92451713076107,116.52379150279518
1430,2021,9,Investment_Funds_ETF,311.4256901225815,174.3129811312766
554,2021,9,Restaurant_FastFood_ETF,1060.1142751949171,624.9782116511772
846,2021,9,Retail_ETF,204.59804479457185,0.0
1139,2021,10,Agri_Machinery_ETF,225.21745332372095,108.80395252002383
263,2021,10,Food_Beverage_ETF,202.61892570928063,118.22360463934967
1431,2021,10,Investment_Funds_ETF,313.8201498432172,174.9596096320543
555,2021,10,Restaurant_FastFood_ETF,1020.7454282460716,596.4087444974532
847,2021,10,Retail_ETF,202.6120675993062,0.0
1140,2021,11,Agri_Machinery_ETF,235.58532358666469,115.1534229724833
264,2021,11,Food_Beverage_ETF,245.2014824164059,156.3098727091841
1432,2021,11,Investment_Funds_ETF,329.35686868394896,183.05024284376879
556,2021,11,Restaurant_FastFood_ETF,1018.3704511439499,585.7630074446777
848,2021,11,Retail_ETF,223.55410847757847,0.0
1141,2021,12,Agri_Machinery_ETF,230.26283343668157,114.1730882869317
265,2021,12,Food_Beverage_ETF,264.49204288244306,170.42193313748717
1433,2021,12,Investment_Funds_ETF,329.66993941340024,183.35993829622876
557,2021,12,Restaurant_FastFood_ETF,984.1740134796739,555.5962619910554
849,2021,12,Retail_ETF,230.0305387156861,0.0
1142,2022,1,Agri_Machinery_ETF,238.45049592104596,120.25126347980822
266,2022,1,Food_Beverage_ETF,280.26645645029487,178.966459530835
1434,2022,1,Investment_Funds_ETF,322.38598737139,179.53298922225272
558,2022,1,Restaurant_FastFood_ETF,876.1746449717037,486.97740980073894
850,2022,1,Retail_ETF,219.48577492507167,0.0
1143,2022,2,Agri_Machinery_ETF,229.03084166554243,118.06971608828557
267,2022,2,Food_Beverage_ETF,259.1912831016005,157.20569806434116
1435,2022,2,Investment_Funds_ETF,316.9308249905499,176.06091426646705
559,2022,2,Restaurant_FastFood_ETF,887.0571353607313,497.00526460943075
851,2022,2,Retail_ETF,210.80086764489715,0.0
1144,2022,3,Agri_Machinery_ETF,245.98927188313783,126.84614104826422
268,2022,3,Food_Beverage_ETF,246.01059625634596,144.8816768880311
1436,2022,3,Investment_Funds_ETF,314.0495419462506,173.95619599872145
560,2022,3,Restaurant_FastFood_ETF,867.1708053833036,487.93252976952937
852,2022,3,Retail_ETF,225.97347115629026,0.0
1145,2022,4,Agri_Machinery_ETF,254.5615033531032,133.3218106792156
269,2022,4,Food_Beverage_ETF,252.94506189428574,144.7762091549465
1437,2022,4,Investment_Funds_ETF,315.4441947684909,174.61532855959808
561,2022,4,Restaurant_FastFood_ETF,889.4266944686519,501.8533367438371
853,2022,4,Retail_ETF,219.46844817638586,0.0
1146,2022,5,Agri_Machinery_ETF,232.44173973747348,118.63491525151974
270,2022,5,Food_Beverage_ETF,262.67800348257623,154.75861358158022
1438,2022,5,Investment_Funds_ETF,295.0370024961524,163.35259067451506
562,2022,5,Restaurant_FastFood_ETF,782.700145228402,434.8459787983895
854,2022,5,Retail_ETF,190.37487326955306,0.0
1147,2022,6,Agri_Machinery_ETF,217.78054638645267,109.6319668506498
271,2022,6,Food_Beverage_ETF,276.99454410929326,169.64329477111085
1439,2022,6,Investment_Funds_ETF,283.2264618890966,156.28714229958356
563,2022,6,Restaurant_FastFood_ETF,775.8221427718898,425.3445161694476
855,2022,6,Retail_ETF,195.2450321161976,0.0
1148,2022,7,Agri_Machinery_ETF,208.9270857167034,106.1165360784886
272,2022,7,Food_Beverage_ETF,262.31927025140226,153.82518059822775
1440,2022,7,Investment_Funds_ETF,287.70720868096413,157.41978315105916
564,2022,7,Restaurant_FastFood_ETF,832.8689347499068,457.27257032658275
856,2022,7,Retail_ETF,197.38011482674304,0.0
1149,2022,8,Agri_Machinery_ETF,240.5323770535709,125.610639406404
273,2022,8,Food_Beverage_ETF,263.72606019950547,151.8663508983471
1441,2022,8,Investment_Funds_ETF,305.765448942866,166.42561593479866
565,2022,8,Restaurant_FastFood_ETF,963.2985061008959,538.5461201672867
857,2022,8,Retail_ETF,194.98173465608033,0.0
1150,2022,9,Agri_Machinery_ETF,230.872174244231,122.5632676765839
274,2022,9,Food_Beverage_ETF,237.08204305545027,132.09417310253278
1442,2022,9,Investment_Funds_ETF,282.6229405349554,154.25124742924436
566,2022,9,Restaurant_FastFood_ETF,956.338558140038,537.8025907927222
858,2022,9,Retail_ETF,191.16329876374255,0.0
1151,2022,10,Agri_Machinery_ETF,248.96661880530678,129.94232933458562
275,2022,10,Food_Beverage_ETF,243.65030959457576,137.42279490413748
1443,2022,10,Investment_Funds_ETF,278.59897996310656,151.18054845523525
567,2022,10,Restaurant_FastFood_ETF,896.670464991695,496.9410758217766
859,2022,10,Retail_ETF,203.15146800233006,0.0
1152,2022,11,Agri_Machinery_ETF,279.12502666877367,144.6364138880595
276,2022,11,Food_Beverage_ETF,254.51806145833572,143.41320646761662
1444,2022,11,Investment_Funds_ETF,296.06890033934445,160.6202878714076
568,2022,11,Restaurant_FastFood_ETF,891.649994622839,481.2454747736341
860,2022,11,Retail_ETF,215.14495024094785,0.0
1153,2022,12,Agri_Machinery_ETF,289.00776667102446,151.32821475783237
277,2022,12,Food_Beverage_ETF,268.9269503895793,154.24396534507184
1445,2022,12,Investment_Funds_ETF,297.4813350315185,161.2560872443341
569,2022,12,Restaurant_FastFood_ETF,899.7837946082439,483.0726916399473
861,2022,12,Retail_ETF,217.23901502996134,0.0
1154,2023,1,Agri_Machinery_ETF,289.0371083149937,145.62210243886116
278,2023,1,Food_Beverage_ETF,259.1653004299505,147.96477016292815
1446,2023,1,Investment_Funds_ETF,301.31463277557623,162.41219002618345
570,2023,1,Restaurant_FastFood_ETF,916.0479660154373,492.36616740410653
862,2023,1,Retail_ETF,219.646002948125,0.0
1155,2023,2,Agri_Machinery_ETF,286.3100045122632,141.65808146671668
279,2023,2,Food_Beverage_ETF,276.601066966067,162.0910033285445
1447,2023,2,Investment_Funds_ETF,309.9833562391398,165.67178792459373
571,2023,2,Restaurant_FastFood_ETF,970.8425029249918,527.0098328697818
863,2023,2,Retail_ETF,233.71408619887222,0.0
1156,2023,3,Agri_Machinery_ETF,278.6065491870122,136.36896704466778
280,2023,3,Food_Beverage_ETF,276.4053070237515,161.55984072953888
1448,2023,3,Investment_Funds_ETF,301.2619749554796,160.07991618339585
572,2023,3,Restaurant_FastFood_ETF,959.7597172361902,519.1802589832683
864,2023,3,Retail_ETF,229.95426527377097,0.0
1157,2023,4,Agri_Machinery_ETF,267.2877947206913,130.0893650518617
281,2023,4,Food_Beverage_ETF,290.64444021480614,168.9817996707823
1449,2023,4,Investment_Funds_ETF,314.62097598618897,166.6375523897346
573,2023,4,Restaurant_FastFood_ETF,1111.543296290688,607.8129691087144
865,2023,4,Retail_ETF,241.32902206481702,0.0
1158,2023,5,Agri_Machinery_ETF,256.66864155464833,123.07467852581819
282,2023,5,Food_Beverage_ETF,328.3609119667362,199.79045003636458
1450,2023,5,Investment_Funds_ETF,316.7810882146237,166.72255148215265
574,2023,5,Restaurant_FastFood_ETF,1229.063998701905,680.4557064440586
866,2023,5,Retail_ETF,226.60233016381764,0.0
1159,2023,6,Agri_Machinery_ETF,272.61212825689324,131.46171309763025
283,2023,6,Food_Beverage_ETF,333.35720672903324,204.34596723523558
1451,2023,6,Investment_Funds_ETF,331.5871908250625,173.56982266857105
575,2023,6,Restaurant_FastFood_ETF,1238.999007265025,680.3588465677054
867,2023,6,Retail_ETF,216.87970718326997,0.0
1160,2023,7,Agri_Machinery_ETF,286.0590175229905,138.49193919520403
284,2023,7,Food_Beverage_ETF,324.48138057336234,195.59083523811228
1452,2023,7,Investment_Funds_ETF,343.79472372256845,179.04810514463736
576,2023,7,Restaurant_FastFood_ETF,1236.6499639947046,666.631276673041
868,2023,7,Retail_ETF,217.28167979456717,0.0
1161,2023,8,Agri_Machinery_ETF,278.89789525380303,137.51545394212093
285,2023,8,Food_Beverage_ETF,344.9939087697212,213.6142031025679
1453,2023,8,Investment_Funds_ETF,342.39278858802095,177.69662638964797
577,2023,8,Restaurant_FastFood_ETF,1164.050861813052,619.5720868651699
869,2023,8,Retail_ETF,219.83293516921955,0.0
1162,2023,9,Agri_Machinery_ETF,271.1755461984364,132.98645333885213
286,2023,9,Food_Beverage_ETF,329.06636504468815,202.2321599017035
1454,2023,9,Investment_Funds_ETF,338.91465149530666,175.40086257406074
578,2023,9,Restaurant_FastFood_ETF,1176.277723690401,627.422174058602
870,2023,9,Retail_ETF,211.5885888316861,0.0
1163,2023,10,Agri_Machinery_ETF,253.59256247764628,124.43894157836542
287,2023,10,Food_Beverage_ETF,316.8686108758706,195.72188548021245
1455,2023,10,Investment_Funds_ETF,329.71862720555566,169.7900340218339
579,2023,10,Restaurant_FastFood_ETF,1142.68607407845,610.3215484859677
871,2023,10,Retail_ETF,198.63067704446135,0.0
1164,2023,11,Agri_Machinery_ETF,249.25196239456253,121.74694834940465
288,2023,11,Food_Beverage_ETF,342.4982787532365,214.0602113919789
1456,2023,11,Investment_Funds_ETF,345.68825800832826,176.97672342832556
580,2023,11,Restaurant_FastFood_ETF,1314.5777511353722,705.1971327840647
872,2023,11,Retail_ETF,199.6739852292111,0.0
1165,2023,12,Agri_Machinery_ETF,264.99856468995256,126.79220109905506
289,2023,12,Food_Beverage_ETF,407.5999713361435,264.73091554676205
1457,2023,12,Investment_Funds_ETF,366.62603755914284,186.60098012422458
581,2023,12,Restaurant_FastFood_ETF,1415.650850704637,757.0036284617009
873,2023,12,Retail_ETF,214.1577364883677,0.0
1166,2024,1,Agri_Machinery_ETF,273.8654121366378,131.84951676621256
290,2024,1,Food_Beverage_ETF,425.3118632871773,276.25809917279776
1458,2024,1,Investment_Funds_ETF,376.13045726835367,190.78490173293196
582,2024,1,Restaurant_FastFood_ETF,1438.6045825821466,764.5595350255109
874,2024,1,Retail_ETF,224.54974951964016,0.0
1167,2024,2,Agri_Machinery_ETF,277.3174777084162,133.03030765292084
291,2024,2,Food_Beverage_ETF,421.2365431362641,269.68448623449103
1459,2024,2,Investment_Funds_ETF,391.48941284871444,197.98295561039922
583,2024,2,Restaurant_FastFood_ETF,1607.7255931779628,860.4780297966055
875,2024,2,Retail_ETF,234.25866120357742,0.0
