,Year,Month,ETF,Price
0,1999,11,Food_Beverage_ETF,291.0857142857143
1,1999,12,Food_Beverage_ETF,269.6972727272727
2,2000,1,Food_Beverage_ETF,259.185
3,2000,2,Food_Beverage_ETF,235.3328
4,2000,3,Food_Beverage_ETF,220.12421739130434
5,2000,4,Food_Beverage_ETF,234.4737894736842
6,2000,5,Food_Beverage_ETF,243.95536363636364
7,2000,6,Food_Beverage_ETF,245.3225
8,2000,7,Food_Beverage_ETF,231.60895
9,2000,8,Food_Beverage_ETF,225.53569565217393
10,2000,9,Food_Beverage_ETF,224.9511
11,2000,10,Food_Beverage_ETF,238.95718181818182
12,2000,11,Food_Beverage_ETF,254.27
13,2000,12,Food_Beverage_ETF,264.769
14,2001,1,Food_Beverage_ETF,262.752380952381
15,2001,2,Food_Beverage_ETF,275.65000000000003
16,2001,3,Food_Beverage_ETF,270.31863636363636
17,2001,4,Food_Beverage_ETF,262.239
18,2001,5,Food_Beverage_ETF,265.39045454545453
19,2001,6,Food_Beverage_ETF,269.187619047619
20,2001,7,Food_Beverage_ETF,272.8747619047619
21,2001,8,Food_Beverage_ETF,275.73869565217393
22,2001,9,Food_Beverage_ETF,278.696
23,2001,10,Food_Beverage_ETF,274.49260869565217
24,2001,11,Food_Beverage_ETF,289.4919047619048
25,2001,12,Food_Beverage_ETF,293.75100000000003
26,2002,1,Food_Beverage_ETF,296.19428571428574
27,2002,2,Food_Beverage_ETF,299.6778947368421
28,2002,3,Food_Beverage_ETF,303.7705
29,2002,4,Food_Beverage_ETF,311.0713636363636
30,2002,5,Food_Beverage_ETF,303.31863636363636
31,2002,6,Food_Beverage_ETF,296.312
32,2002,7,Food_Beverage_ETF,278.0263636363636
33,2002,8,Food_Beverage_ETF,286.7663636363637
34,2002,9,Food_Beverage_ETF,278.4445
35,2002,10,Food_Beverage_ETF,275.2995652173913
36,2002,11,Food_Beverage_ETF,288.75100000000003
37,2002,12,Food_Beverage_ETF,292.61761904761903
38,2003,1,Food_Beverage_ETF,304.5138095238095
39,2003,2,Food_Beverage_ETF,285.97052631578947
40,2003,3,Food_Beverage_ETF,267.6747619047619
41,2003,4,Food_Beverage_ETF,272.28333333333336
42,2003,5,Food_Beverage_ETF,281.70666666666665
43,2003,6,Food_Beverage_ETF,301.83809523809526
44,2003,7,Food_Beverage_ETF,302.72368181818183
45,2003,8,Food_Beverage_ETF,295.44904761904763
46,2003,9,Food_Beverage_ETF,299.80719047619044
47,2003,10,Food_Beverage_ETF,306.9143913043478
48,2003,11,Food_Beverage_ETF,315.68584210526313
49,2003,12,Food_Beverage_ETF,318.7995454545454
50,2004,1,Food_Beverage_ETF,320.13945
51,2004,2,Food_Beverage_ETF,334.6842105263158
52,2004,3,Food_Beverage_ETF,344.25347826086954
53,2004,4,Food_Beverage_ETF,358.01104761904764
54,2004,5,Food_Beverage_ETF,363.80555
55,2004,6,Food_Beverage_ETF,348.4657142857143
56,2004,7,Food_Beverage_ETF,324.9761904761905
57,2004,8,Food_Beverage_ETF,313.94954545454544
58,2004,9,Food_Beverage_ETF,311.55238095238093
59,2004,10,Food_Beverage_ETF,307.44409523809526
60,2004,11,Food_Beverage_ETF,326.5535428571429
61,2004,12,Food_Beverage_ETF,337.5709090909091
62,2005,1,Food_Beverage_ETF,346.57415
63,2005,2,Food_Beverage_ETF,360.1384210526316
64,2005,3,Food_Beverage_ETF,355.8623181818182
65,2005,4,Food_Beverage_ETF,346.7809523809524
66,2005,5,Food_Beverage_ETF,353.9766666666667
67,2005,6,Food_Beverage_ETF,347.22951363636366
68,2005,7,Food_Beverage_ETF,345.34713
69,2005,8,Food_Beverage_ETF,338.4630434782609
70,2005,9,Food_Beverage_ETF,338.9952333333333
71,2005,10,Food_Beverage_ETF,341.9119285714286
72,2005,11,Food_Beverage_ETF,336.34190476190474
73,2005,12,Food_Beverage_ETF,338.17333333333335
74,2006,1,Food_Beverage_ETF,329.32711
75,2006,2,Food_Beverage_ETF,328.7142631578947
76,2006,3,Food_Beverage_ETF,329.48869565217393
77,2006,4,Food_Beverage_ETF,332.5026315789474
78,2006,5,Food_Beverage_ETF,352.67545454545456
79,2006,6,Food_Beverage_ETF,354.76454545454544
80,2006,7,Food_Beverage_ETF,366.6635
81,2006,8,Food_Beverage_ETF,367.3791304347826
82,2006,9,Food_Beverage_ETF,372.672
83,2006,10,Food_Beverage_ETF,376.47947727272725
84,2006,11,Food_Beverage_ETF,370.46
85,2006,12,Food_Beverage_ETF,380.1595
86,2007,1,Food_Beverage_ETF,379.6055
87,2007,2,Food_Beverage_ETF,381.1042105263158
88,2007,3,Food_Beverage_ETF,377.585
89,2007,4,Food_Beverage_ETF,392.158
90,2007,5,Food_Beverage_ETF,392.8210181818182
91,2007,6,Food_Beverage_ETF,384.8640476190476
92,2007,7,Food_Beverage_ETF,384.6071428571429
93,2007,8,Food_Beverage_ETF,376.4213043478261
94,2007,9,Food_Beverage_ETF,381.94473684210527
95,2007,10,Food_Beverage_ETF,380.18260869565216
96,2007,11,Food_Beverage_ETF,365.70809523809527
97,2007,12,Food_Beverage_ETF,383.182
98,2008,1,Food_Beverage_ETF,367.4061904761905
99,2008,2,Food_Beverage_ETF,365.814
100,2008,3,Food_Beverage_ETF,369.5375
101,2008,4,Food_Beverage_ETF,375.1240909090909
102,2008,5,Food_Beverage_ETF,372.84809523809525
103,2008,6,Food_Beverage_ETF,334.7004761904762
104,2008,7,Food_Beverage_ETF,314.0409090909091
105,2008,8,Food_Beverage_ETF,328.1047619047619
106,2008,9,Food_Beverage_ETF,321.4447619047619
107,2008,10,Food_Beverage_ETF,283.37608695652176
108,2008,11,Food_Beverage_ETF,269.6363157894737
109,2008,12,Food_Beverage_ETF,272.6890909090909
110,2009,1,Food_Beverage_ETF,276.736
111,2009,2,Food_Beverage_ETF,274.1326315789474
112,2009,3,Food_Beverage_ETF,264.17045454545456
113,2009,4,Food_Beverage_ETF,277.69952380952384
114,2009,5,Food_Beverage_ETF,280.263
115,2009,6,Food_Beverage_ETF,298.6868181818182
116,2009,7,Food_Beverage_ETF,308.66318181818184
117,2009,8,Food_Beverage_ETF,311.31380952380954
118,2009,9,Food_Beverage_ETF,313.2423809523809
119,2009,10,Food_Beverage_ETF,318.79454545454547
120,2009,11,Food_Beverage_ETF,322.55649999999997
121,2009,12,Food_Beverage_ETF,333.0254545454546
122,2010,1,Food_Beverage_ETF,334.71013684210527
123,2010,2,Food_Beverage_ETF,340.2147368421053
124,2010,3,Food_Beverage_ETF,363.0795652173913
125,2010,4,Food_Beverage_ETF,364.07095238095235
126,2010,5,Food_Beverage_ETF,355.233
127,2010,6,Food_Beverage_ETF,326.13257272727276
128,2010,7,Food_Beverage_ETF,315.7090476190476
129,2010,8,Food_Beverage_ETF,315.1372727272727
130,2010,9,Food_Beverage_ETF,322.0304761904762
131,2010,10,Food_Beverage_ETF,328.1638095238095
132,2010,11,Food_Beverage_ETF,326.2142857142857
133,2010,12,Food_Beverage_ETF,333.81238636363634
134,2011,1,Food_Beverage_ETF,335.6175
135,2011,2,Food_Beverage_ETF,329.4347368421053
136,2011,3,Food_Beverage_ETF,328.88739130434783
137,2011,4,Food_Beverage_ETF,347.033
138,2011,5,Food_Beverage_ETF,345.7866666666667
139,2011,6,Food_Beverage_ETF,337.0009090909091
140,2011,7,Food_Beverage_ETF,338.631
141,2011,8,Food_Beverage_ETF,317.01217391304345
142,2011,9,Food_Beverage_ETF,312.0009523809524
143,2011,10,Food_Beverage_ETF,319.35547619047617
144,2011,11,Food_Beverage_ETF,321.51761904761906
145,2011,12,Food_Beverage_ETF,330.19714285714286
146,2012,1,Food_Beverage_ETF,336.7805
147,2012,2,Food_Beverage_ETF,338.8235
148,2012,3,Food_Beverage_ETF,340.0527272727273
149,2012,4,Food_Beverage_ETF,341.45799999999997
150,2012,5,Food_Beverage_ETF,349.91318181818184
151,2012,6,Food_Beverage_ETF,349.4847619047619
152,2012,7,Food_Beverage_ETF,349.7195238095238
153,2012,8,Food_Beverage_ETF,350.0234782608696
154,2012,9,Food_Beverage_ETF,353.85894736842107
155,2012,10,Food_Beverage_ETF,355.9561904761905
156,2012,11,Food_Beverage_ETF,355.5495238095238
157,2012,12,Food_Beverage_ETF,366.118
158,2013,1,Food_Beverage_ETF,379.60235714285716
159,2013,2,Food_Beverage_ETF,395.6723684210526
160,2013,3,Food_Beverage_ETF,411.46000000000004
161,2013,4,Food_Beverage_ETF,421.0072727272727
162,2013,5,Food_Beverage_ETF,429.68963636363634
163,2013,6,Food_Beverage_ETF,423.57
164,2013,7,Food_Beverage_ETF,446.3068181818182
165,2013,8,Food_Beverage_ETF,454.06954545454545
166,2013,9,Food_Beverage_ETF,442.47499999999997
167,2013,10,Food_Beverage_ETF,444.4908695652174
168,2013,11,Food_Beverage_ETF,460.46125
169,2013,12,Food_Beverage_ETF,468.8895238095238
170,2014,1,Food_Beverage_ETF,471.15714285714284
171,2014,2,Food_Beverage_ETF,472.14947368421053
172,2014,3,Food_Beverage_ETF,504.2704761904762
173,2014,4,Food_Beverage_ETF,504.3640476190476
174,2014,5,Food_Beverage_ETF,502.6757142857143
175,2014,6,Food_Beverage_ETF,502.75190476190477
176,2014,7,Food_Beverage_ETF,504.6063636363636
177,2014,8,Food_Beverage_ETF,503.7338095238095
178,2014,9,Food_Beverage_ETF,516.52
179,2014,10,Food_Beverage_ETF,519.7560869565217
180,2014,11,Food_Beverage_ETF,551.2578947368421
181,2014,12,Food_Beverage_ETF,554.7679545454546
182,2015,1,Food_Beverage_ETF,561.75075
183,2015,2,Food_Beverage_ETF,564.416052631579
184,2015,3,Food_Beverage_ETF,560.2636363636364
185,2015,4,Food_Beverage_ETF,569.8430952380952
186,2015,5,Food_Beverage_ETF,573.9375
187,2015,6,Food_Beverage_ETF,587.8368181818182
188,2015,7,Food_Beverage_ETF,617.1090909090909
189,2015,8,Food_Beverage_ETF,620.962619047619
190,2015,9,Food_Beverage_ETF,619.8711904761905
191,2015,10,Food_Beverage_ETF,678.2086363636364
192,2015,11,Food_Beverage_ETF,643.538
193,2015,12,Food_Beverage_ETF,664.825
194,2016,1,Food_Beverage_ETF,636.3842105263158
195,2016,2,Food_Beverage_ETF,627.1835
196,2016,3,Food_Beverage_ETF,639.4038636363637
197,2016,4,Food_Beverage_ETF,634.2323809523809
198,2016,5,Food_Beverage_ETF,615.6616666666666
199,2016,6,Food_Beverage_ETF,609.6222727272727
200,2016,7,Food_Beverage_ETF,658.5215000000001
201,2016,8,Food_Beverage_ETF,664.6543478260869
202,2016,9,Food_Beverage_ETF,638.1838095238095
203,2016,10,Food_Beverage_ETF,627.2928571428571
204,2016,11,Food_Beverage_ETF,627.2628571428572
205,2016,12,Food_Beverage_ETF,635.272380952381
206,2017,1,Food_Beverage_ETF,641.7489999999999
207,2017,2,Food_Beverage_ETF,656.4431578947368
208,2017,3,Food_Beverage_ETF,672.2867391304347
209,2017,4,Food_Beverage_ETF,691.8221052631579
210,2017,5,Food_Beverage_ETF,688.5063636363636
211,2017,6,Food_Beverage_ETF,716.580909090909
212,2017,7,Food_Beverage_ETF,702.4585
213,2017,8,Food_Beverage_ETF,696.7465217391305
214,2017,9,Food_Beverage_ETF,690.8015
215,2017,10,Food_Beverage_ETF,703.5570454545455
216,2017,11,Food_Beverage_ETF,703.2292857142858
217,2017,12,Food_Beverage_ETF,741.498
218,2018,1,Food_Beverage_ETF,717.9552380952381
219,2018,2,Food_Beverage_ETF,664.1884210526316
220,2018,3,Food_Beverage_ETF,651.5509523809524
221,2018,4,Food_Beverage_ETF,629.8838095238095
222,2018,5,Food_Beverage_ETF,578.6718181818183
223,2018,6,Food_Beverage_ETF,582.6833333333334
224,2018,7,Food_Beverage_ETF,592.2733333333333
225,2018,8,Food_Beverage_ETF,626.8804347826086
226,2018,9,Food_Beverage_ETF,650.5921052631579
227,2018,10,Food_Beverage_ETF,628.908695652174
228,2018,11,Food_Beverage_ETF,665.2142857142858
229,2018,12,Food_Beverage_ETF,642.7647368421053
230,2019,1,Food_Beverage_ETF,642.8995238095238
231,2019,2,Food_Beverage_ETF,682.1489473684211
232,2019,3,Food_Beverage_ETF,734.5880952380952
233,2019,4,Food_Beverage_ETF,804.364761904762
234,2019,5,Food_Beverage_ETF,854.5722727272728
235,2019,6,Food_Beverage_ETF,842.755
236,2019,7,Food_Beverage_ETF,848.7109090909091
237,2019,8,Food_Beverage_ETF,902.2981818181818
238,2019,9,Food_Beverage_ETF,874.239
239,2019,10,Food_Beverage_ETF,849.5039130434782
240,2019,11,Food_Beverage_ETF,836.1339999999999
241,2019,12,Food_Beverage_ETF,859.4690476190476
242,2020,1,Food_Beverage_ETF,862.1509523809524
243,2020,2,Food_Beverage_ETF,841.1363157894737
244,2020,3,Food_Beverage_ETF,705.9768181818182
245,2020,4,Food_Beverage_ETF,755.9928571428571
246,2020,5,Food_Beverage_ETF,757.6579999999999
247,2020,6,Food_Beverage_ETF,764.2072727272728
248,2020,7,Food_Beverage_ETF,766.2825
249,2020,8,Food_Beverage_ETF,829.3764285714286
250,2020,9,Food_Beverage_ETF,803.1035714285714
251,2020,10,Food_Beverage_ETF,799.2543181818182
252,2020,11,Food_Beverage_ETF,821.3495
253,2020,12,Food_Beverage_ETF,838.4938636363636
254,2021,1,Food_Beverage_ETF,829.7715789473684
255,2021,2,Food_Beverage_ETF,837.5952631578947
256,2021,3,Food_Beverage_ETF,874.5163043478261
257,2021,4,Food_Beverage_ETF,913.2490476190476
258,2021,5,Food_Beverage_ETF,969.8767499999999
259,2021,6,Food_Beverage_ETF,1048.1972727272728
260,2021,7,Food_Beverage_ETF,1028.692857142857
261,2021,8,Food_Beverage_ETF,1033.7186363636363
262,2021,9,Food_Beverage_ETF,1021.0385714285715
263,2021,10,Food_Beverage_ETF,1043.6038095238096
264,2021,11,Food_Beverage_ETF,1159.5709523809523
265,2021,12,Food_Beverage_ETF,1252.3554545454544
266,2022,1,Food_Beverage_ETF,1306.805
267,2022,2,Food_Beverage_ETF,1269.0573684210526
268,2022,3,Food_Beverage_ETF,1197.7113043478262
269,2022,4,Food_Beverage_ETF,1255.2565
270,2022,5,Food_Beverage_ETF,1264.3066666666666
271,2022,6,Food_Beverage_ETF,1286.8933333333334
272,2022,7,Food_Beverage_ETF,1269.3135
273,2022,8,Food_Beverage_ETF,1271.7904347826086
274,2022,9,Food_Beverage_ETF,1170.0395238095239
275,2022,10,Food_Beverage_ETF,1184.8233333333333
276,2022,11,Food_Beverage_ETF,1235.3995238095238
277,2022,12,Food_Beverage_ETF,1277.5230952380953
278,2023,1,Food_Beverage_ETF,1228.4015
279,2023,2,Food_Beverage_ETF,1266.4913157894737
280,2023,3,Food_Beverage_ETF,1264.682608695652
281,2023,4,Food_Beverage_ETF,1320.272105263158
282,2023,5,Food_Beverage_ETF,1416.0045454545455
283,2023,6,Food_Beverage_ETF,1401.347142857143
284,2023,7,Food_Beverage_ETF,1371.7777500000002
285,2023,8,Food_Beverage_ETF,1404.358695652174
286,2023,9,Food_Beverage_ETF,1327.85
287,2023,10,Food_Beverage_ETF,1259.2445454545455
288,2023,11,Food_Beverage_ETF,1323.555
289,2023,12,Food_Beverage_ETF,1483.3004999999998
290,2024,1,Food_Beverage_ETF,1517.8623809523808
291,2024,2,Food_Beverage_ETF,1491.809230769231
292,1999,11,Restaurant_FastFood_ETF,153.7757142857143
293,1999,12,Restaurant_FastFood_ETF,142.89772727272728
294,2000,1,Restaurant_FastFood_ETF,135.82
295,2000,2,Restaurant_FastFood_ETF,128.9505
296,2000,3,Restaurant_FastFood_ETF,134.03608695652173
297,2000,4,Restaurant_FastFood_ETF,144.75315789473683
298,2000,5,Restaurant_FastFood_ETF,141.0731818181818
299,2000,6,Restaurant_FastFood_ETF,134.46863636363636
300,2000,7,Restaurant_FastFood_ETF,137.533
301,2000,8,Restaurant_FastFood_ETF,140.21347826086958
302,2000,9,Restaurant_FastFood_ETF,139.9445
303,2000,10,Restaurant_FastFood_ETF,144.015
304,2000,11,Restaurant_FastFood_ETF,161.41285714285715
305,2000,12,Restaurant_FastFood_ETF,159.8435
306,2001,1,Restaurant_FastFood_ETF,156.89238095238096
307,2001,2,Restaurant_FastFood_ETF,161.48736842105262
308,2001,3,Restaurant_FastFood_ETF,156.85090909090908
309,2001,4,Restaurant_FastFood_ETF,155.71800000000002
310,2001,5,Restaurant_FastFood_ETF,144.99272727272728
311,2001,6,Restaurant_FastFood_ETF,146.41809523809525
312,2001,7,Restaurant_FastFood_ETF,147.87
313,2001,8,Restaurant_FastFood_ETF,145.4817391304348
314,2001,9,Restaurant_FastFood_ETF,133.06933333333333
315,2001,10,Restaurant_FastFood_ETF,143.38434782608695
316,2001,11,Restaurant_FastFood_ETF,149.36523809523808
317,2001,12,Restaurant_FastFood_ETF,155.109
318,2002,1,Restaurant_FastFood_ETF,165.05761904761903
319,2002,2,Restaurant_FastFood_ETF,172.21
320,2002,3,Restaurant_FastFood_ETF,177.158
321,2002,4,Restaurant_FastFood_ETF,180.70590909090907
322,2002,5,Restaurant_FastFood_ETF,170.47272727272727
323,2002,6,Restaurant_FastFood_ETF,155.994
324,2002,7,Restaurant_FastFood_ETF,121.56727272727272
325,2002,8,Restaurant_FastFood_ETF,121.78636363636365
326,2002,9,Restaurant_FastFood_ETF,117.3165
327,2002,10,Restaurant_FastFood_ETF,111.70434782608696
328,2002,11,Restaurant_FastFood_ETF,108.803
329,2002,12,Restaurant_FastFood_ETF,108.8
330,2003,1,Restaurant_FastFood_ETF,109.79285714285714
331,2003,2,Restaurant_FastFood_ETF,104.7121052631579
332,2003,3,Restaurant_FastFood_ETF,107.56952380952382
333,2003,4,Restaurant_FastFood_ETF,111.82809523809524
334,2003,5,Restaurant_FastFood_ETF,113.60842857142858
335,2003,6,Restaurant_FastFood_ETF,122.56380952380951
336,2003,7,Restaurant_FastFood_ETF,127.11409090909092
337,2003,8,Restaurant_FastFood_ETF,129.87238095238095
338,2003,9,Restaurant_FastFood_ETF,117.26666666666667
339,2003,10,Restaurant_FastFood_ETF,117.40173913043478
340,2003,11,Restaurant_FastFood_ETF,122.70510526315789
341,2003,12,Restaurant_FastFood_ETF,122.8709090909091
342,2004,1,Restaurant_FastFood_ETF,125.90299999999999
343,2004,2,Restaurant_FastFood_ETF,132.80105263157895
344,2004,3,Restaurant_FastFood_ETF,139.12304347826085
345,2004,4,Restaurant_FastFood_ETF,139.36238095238096
346,2004,5,Restaurant_FastFood_ETF,135.1405
347,2004,6,Restaurant_FastFood_ETF,138.60619047619048
348,2004,7,Restaurant_FastFood_ETF,155.8752380952381
349,2004,8,Restaurant_FastFood_ETF,153.48409090909092
350,2004,9,Restaurant_FastFood_ETF,160.47
351,2004,10,Restaurant_FastFood_ETF,171.31857142857143
352,2004,11,Restaurant_FastFood_ETF,186.7072380952381
353,2004,12,Restaurant_FastFood_ETF,196.15418181818183
354,2005,1,Restaurant_FastFood_ETF,194.031
355,2005,2,Restaurant_FastFood_ETF,191.29368421052632
356,2005,3,Restaurant_FastFood_ETF,197.89363636363635
357,2005,4,Restaurant_FastFood_ETF,192.35280952380953
358,2005,5,Restaurant_FastFood_ETF,199.30380952380952
359,2005,6,Restaurant_FastFood_ETF,206.58204545454547
360,2005,7,Restaurant_FastFood_ETF,207.199
361,2005,8,Restaurant_FastFood_ETF,207.05782608695654
362,2005,9,Restaurant_FastFood_ETF,199.46857142857144
363,2005,10,Restaurant_FastFood_ETF,197.24047619047616
364,2005,11,Restaurant_FastFood_ETF,188.7657142857143
365,2005,12,Restaurant_FastFood_ETF,192.23714285714286
366,2006,1,Restaurant_FastFood_ETF,240.95969000000002
367,2006,2,Restaurant_FastFood_ETF,250.30463157894738
368,2006,3,Restaurant_FastFood_ETF,256.0334782608696
369,2006,4,Restaurant_FastFood_ETF,260.60105263157897
370,2006,5,Restaurant_FastFood_ETF,263.42
371,2006,6,Restaurant_FastFood_ETF,256.30949545454547
372,2006,7,Restaurant_FastFood_ETF,245.781055
373,2006,8,Restaurant_FastFood_ETF,239.22304347826088
374,2006,9,Restaurant_FastFood_ETF,255.0225
375,2006,10,Restaurant_FastFood_ETF,278.4227272727273
376,2006,11,Restaurant_FastFood_ETF,286.16785714285714
377,2006,12,Restaurant_FastFood_ETF,284.1305
378,2007,1,Restaurant_FastFood_ETF,285.55348
379,2007,2,Restaurant_FastFood_ETF,293.52474210526316
380,2007,3,Restaurant_FastFood_ETF,285.2259090909091
381,2007,4,Restaurant_FastFood_ETF,297.2705
382,2007,5,Restaurant_FastFood_ETF,311.7353409090909
383,2007,6,Restaurant_FastFood_ETF,305.00666666666666
384,2007,7,Restaurant_FastFood_ETF,275.4209142857143
385,2007,8,Restaurant_FastFood_ETF,282.2343434782609
386,2007,9,Restaurant_FastFood_ETF,295.7752684210526
387,2007,10,Restaurant_FastFood_ETF,319.96447826086956
388,2007,11,Restaurant_FastFood_ETF,311.4452380952381
389,2007,12,Restaurant_FastFood_ETF,320.29875999999996
390,2008,1,Restaurant_FastFood_ETF,279.22666666666663
391,2008,2,Restaurant_FastFood_ETF,268.3854
392,2008,3,Restaurant_FastFood_ETF,263.303495
393,2008,4,Restaurant_FastFood_ETF,279.3263636363636
394,2008,5,Restaurant_FastFood_ETF,265.9994095238095
395,2008,6,Restaurant_FastFood_ETF,254.42619047619047
396,2008,7,Restaurant_FastFood_ETF,232.79
397,2008,8,Restaurant_FastFood_ETF,239.26190476190476
398,2008,9,Restaurant_FastFood_ETF,224.7895238095238
399,2008,10,Restaurant_FastFood_ETF,177.56478260869565
400,2008,11,Restaurant_FastFood_ETF,162.55473684210526
401,2008,12,Restaurant_FastFood_ETF,188.02772727272728
402,2009,1,Restaurant_FastFood_ETF,190.159
403,2009,2,Restaurant_FastFood_ETF,186.3763157894737
404,2009,3,Restaurant_FastFood_ETF,190.4568181818182
405,2009,4,Restaurant_FastFood_ETF,225.83428571428573
406,2009,5,Restaurant_FastFood_ETF,229.0145
407,2009,6,Restaurant_FastFood_ETF,235.63227272727272
408,2009,7,Restaurant_FastFood_ETF,238.16318181818184
409,2009,8,Restaurant_FastFood_ETF,245.48285714285714
410,2009,9,Restaurant_FastFood_ETF,247.78238095238095
411,2009,10,Restaurant_FastFood_ETF,246.15272727272728
412,2009,11,Restaurant_FastFood_ETF,248.95749999999998
413,2009,12,Restaurant_FastFood_ETF,253.49727272727273
414,2010,1,Restaurant_FastFood_ETF,266.54426315789476
415,2010,2,Restaurant_FastFood_ETF,278.2731578947368
416,2010,3,Restaurant_FastFood_ETF,301.44217391304346
417,2010,4,Restaurant_FastFood_ETF,332.40000000000003
418,2010,5,Restaurant_FastFood_ETF,335.417525
419,2010,6,Restaurant_FastFood_ETF,341.5721590909091
420,2010,7,Restaurant_FastFood_ETF,332.77002380952376
421,2010,8,Restaurant_FastFood_ETF,345.93386363636364
422,2010,9,Restaurant_FastFood_ETF,376.26951904761904
423,2010,10,Restaurant_FastFood_ETF,403.729880952381
424,2010,11,Restaurant_FastFood_ETF,462.055
425,2010,12,Restaurant_FastFood_ETF,461.48556818181817
426,2011,1,Restaurant_FastFood_ETF,447.01750000000004
427,2011,2,Restaurant_FastFood_ETF,479.36223684210523
428,2011,3,Restaurant_FastFood_ETF,484.7321739130435
429,2011,4,Restaurant_FastFood_ETF,510.25087
430,2011,5,Restaurant_FastFood_ETF,525.6980952380952
431,2011,6,Restaurant_FastFood_ETF,534.4543181818182
432,2011,7,Restaurant_FastFood_ETF,591.4
433,2011,8,Restaurant_FastFood_ETF,558.7400434782609
434,2011,9,Restaurant_FastFood_ETF,573.9021428571428
435,2011,10,Restaurant_FastFood_ETF,580.0328571428572
436,2011,11,Restaurant_FastFood_ETF,596.0195238095238
437,2011,12,Restaurant_FastFood_ETF,615.8426190476191
438,2012,1,Restaurant_FastFood_ETF,647.192
439,2012,2,Restaurant_FastFood_ETF,680.79975
440,2012,3,Restaurant_FastFood_ETF,720.9938636363636
441,2012,4,Restaurant_FastFood_ETF,741.0554999999999
442,2012,5,Restaurant_FastFood_ETF,711.6868636363636
443,2012,6,Restaurant_FastFood_ETF,693.7559523809524
444,2012,7,Restaurant_FastFood_ETF,647.3395238095238
445,2012,8,Restaurant_FastFood_ETF,587.705652173913
446,2012,9,Restaurant_FastFood_ETF,630.1132105263158
447,2012,10,Restaurant_FastFood_ETF,581.5527761904762
448,2012,11,Restaurant_FastFood_ETF,572.4695666666667
449,2012,12,Restaurant_FastFood_ETF,583.53701
450,2013,1,Restaurant_FastFood_ETF,608.7056666666666
451,2013,2,Restaurant_FastFood_ETF,627.281052631579
452,2013,3,Restaurant_FastFood_ETF,650.37445
453,2013,4,Restaurant_FastFood_ETF,677.39
454,2013,5,Restaurant_FastFood_ETF,719.4975909090908
455,2013,6,Restaurant_FastFood_ETF,713.945
456,2013,7,Restaurant_FastFood_ETF,749.1544545454544
457,2013,8,Restaurant_FastFood_ETF,764.9135454545454
458,2013,9,Restaurant_FastFood_ETF,783.1824499999999
459,2013,10,Restaurant_FastFood_ETF,839.1671739130435
460,2013,11,Restaurant_FastFood_ETF,916.5028
461,2013,12,Restaurant_FastFood_ETF,902.297619047619
462,2014,1,Restaurant_FastFood_ETF,893.1407142857144
463,2014,2,Restaurant_FastFood_ETF,921.8576315789473
464,2014,3,Restaurant_FastFood_ETF,965.3869
465,2014,4,Restaurant_FastFood_ETF,910.9709047619049
466,2014,5,Restaurant_FastFood_ETF,890.8747666666667
467,2014,6,Restaurant_FastFood_ETF,969.02
468,2014,7,Restaurant_FastFood_ETF,1005.6772727272728
469,2014,8,Restaurant_FastFood_ETF,1049.9735714285714
470,2014,9,Restaurant_FastFood_ETF,1041.8147619047618
471,2014,10,Restaurant_FastFood_ETF,1022.7565217391304
472,2014,11,Restaurant_FastFood_ETF,1059.8965789473684
473,2014,12,Restaurant_FastFood_ETF,1110.1575757575756
474,2015,1,Restaurant_FastFood_ETF,1160.3139999999999
475,2015,2,Restaurant_FastFood_ETF,1151.3455263157894
476,2015,3,Restaurant_FastFood_ETF,1158.289318181818
477,2015,4,Restaurant_FastFood_ETF,1116.972142857143
478,2015,5,Restaurant_FastFood_ETF,1094.2965000000002
479,2015,6,Restaurant_FastFood_ETF,1078.0920454545453
480,2015,7,Restaurant_FastFood_ETF,1153.3227272727272
481,2015,8,Restaurant_FastFood_ETF,1205.334523809524
482,2015,9,Restaurant_FastFood_ETF,1182.425238095238
483,2015,10,Restaurant_FastFood_ETF,1156.5045454545455
484,2015,11,Restaurant_FastFood_ETF,1052.067
485,2015,12,Restaurant_FastFood_ETF,1004.5874999999999
486,2016,1,Restaurant_FastFood_ETF,902.8813157894738
487,2016,2,Restaurant_FastFood_ETF,950.914
488,2016,3,Restaurant_FastFood_ETF,999.179090909091
489,2016,4,Restaurant_FastFood_ETF,967.8580952380953
490,2016,5,Restaurant_FastFood_ETF,949.6976190476191
491,2016,6,Restaurant_FastFood_ETF,913.2025
492,2016,7,Restaurant_FastFood_ETF,936.0029999999999
493,2016,8,Restaurant_FastFood_ETF,931.6330434782609
494,2016,9,Restaurant_FastFood_ETF,946.297619047619
495,2016,10,Restaurant_FastFood_ETF,935.9033333333334
496,2016,11,Restaurant_FastFood_ETF,920.8371428571428
497,2016,12,Restaurant_FastFood_ETF,928.1747619047619
498,2017,1,Restaurant_FastFood_ETF,953.361
499,2017,2,Restaurant_FastFood_ETF,991.313947368421
500,2017,3,Restaurant_FastFood_ETF,993.4360869565216
501,2017,4,Restaurant_FastFood_ETF,1055.6568421052632
502,2017,5,Restaurant_FastFood_ETF,1117.7611363636365
503,2017,6,Restaurant_FastFood_ETF,1113.26
504,2017,7,Restaurant_FastFood_ETF,1035.4515
505,2017,8,Restaurant_FastFood_ETF,957.4634782608696
506,2017,9,Restaurant_FastFood_ETF,951.3330000000001
507,2017,10,Restaurant_FastFood_ETF,955.5436363636363
508,2017,11,Restaurant_FastFood_ETF,923.9866666666667
509,2017,12,Restaurant_FastFood_ETF,974.0364999999999
510,2018,1,Restaurant_FastFood_ETF,1027.4452380952382
511,2018,2,Restaurant_FastFood_ETF,979.8863157894737
512,2018,3,Restaurant_FastFood_ETF,1012.6261904761905
513,2018,4,Restaurant_FastFood_ETF,1042.9604761904761
514,2018,5,Restaurant_FastFood_ETF,1142.1813636363636
515,2018,6,Restaurant_FastFood_ETF,1205.3
516,2018,7,Restaurant_FastFood_ETF,1204.6971428571428
517,2018,8,Restaurant_FastFood_ETF,1267.5765217391304
518,2018,9,Restaurant_FastFood_ETF,1267.1521052631579
519,2018,10,Restaurant_FastFood_ETF,1206.1860869565219
520,2018,11,Restaurant_FastFood_ETF,1265.9309523809525
521,2018,12,Restaurant_FastFood_ETF,1199.7610526315789
522,2019,1,Restaurant_FastFood_ETF,1283.5485714285714
523,2019,2,Restaurant_FastFood_ETF,1393.3352631578948
524,2019,3,Restaurant_FastFood_ETF,1444.2619047619048
525,2019,4,Restaurant_FastFood_ETF,1534.0219047619048
526,2019,5,Restaurant_FastFood_ETF,1557.9945454545455
527,2019,6,Restaurant_FastFood_ETF,1600.823
528,2019,7,Restaurant_FastFood_ETF,1652.090909090909
529,2019,8,Restaurant_FastFood_ETF,1695.2872727272727
530,2019,9,Restaurant_FastFood_ETF,1700.4115
531,2019,10,Restaurant_FastFood_ETF,1671.9269565217392
532,2019,11,Restaurant_FastFood_ETF,1625.548
533,2019,12,Restaurant_FastFood_ETF,1700.2300000000002
534,2020,1,Restaurant_FastFood_ETF,1757.402142857143
535,2020,2,Restaurant_FastFood_ETF,1792.695789473684
536,2020,3,Restaurant_FastFood_ETF,1406.6777272727272
537,2020,4,Restaurant_FastFood_ETF,1588.8195238095238
538,2020,5,Restaurant_FastFood_ETF,1815.707
539,2020,6,Restaurant_FastFood_ETF,1928.1395454545454
540,2020,7,Restaurant_FastFood_ETF,2026.1399999999999
541,2020,8,Restaurant_FastFood_ETF,2159.850476190476
542,2020,9,Restaurant_FastFood_ETF,2243.5588095238095
543,2020,10,Restaurant_FastFood_ETF,2284.7925
544,2020,11,Restaurant_FastFood_ETF,2261.725
545,2020,12,Restaurant_FastFood_ETF,2372.8063636363636
546,2021,1,Restaurant_FastFood_ETF,2430.630789473684
547,2021,2,Restaurant_FastFood_ETF,2488.9868421052633
548,2021,3,Restaurant_FastFood_ETF,2445.1567391304347
549,2021,4,Restaurant_FastFood_ETF,2591.701904761905
550,2021,5,Restaurant_FastFood_ETF,2494.949
551,2021,6,Restaurant_FastFood_ETF,2547.2204545454547
552,2021,7,Restaurant_FastFood_ETF,2875.83
553,2021,8,Restaurant_FastFood_ETF,3128.442727272727
554,2021,9,Restaurant_FastFood_ETF,3116.970476190476
555,2021,10,Restaurant_FastFood_ETF,2996.4966666666664
556,2021,11,Restaurant_FastFood_ETF,3005.341904761905
557,2021,12,Restaurant_FastFood_ETF,2972.8095454545455
558,2022,1,Restaurant_FastFood_ETF,2686.9225
559,2022,2,Restaurant_FastFood_ETF,2642.2073684210527
560,2022,3,Restaurant_FastFood_ETF,2559.4878260869564
561,2022,4,Restaurant_FastFood_ETF,2593.146
562,2022,5,Restaurant_FastFood_ETF,2301.3816666666667
563,2022,6,Restaurant_FastFood_ETF,2313.7214285714285
564,2022,7,Restaurant_FastFood_ETF,2399.062
565,2022,8,Restaurant_FastFood_ETF,2705.3891304347826
566,2022,9,Restaurant_FastFood_ETF,2638.6428571428573
567,2022,10,Restaurant_FastFood_ETF,2494.68
568,2022,11,Restaurant_FastFood_ETF,2566.205238095238
569,2022,12,Restaurant_FastFood_ETF,2574.7971428571427
570,2023,1,Restaurant_FastFood_ETF,2598.049
571,2023,2,Restaurant_FastFood_ETF,2689.0034210526314
572,2023,3,Restaurant_FastFood_ETF,2635.1917391304346
573,2023,4,Restaurant_FastFood_ETF,2893.061578947368
574,2023,5,Restaurant_FastFood_ETF,3148.359090909091
575,2023,6,Restaurant_FastFood_ETF,3162.3842857142854
576,2023,7,Restaurant_FastFood_ETF,3243.0235
577,2023,8,Restaurant_FastFood_ETF,3042.158043478261
578,2023,9,Restaurant_FastFood_ETF,3025.115
579,2023,10,Restaurant_FastFood_ETF,2885.0672727272727
580,2023,11,Restaurant_FastFood_ETF,3256.752380952381
581,2023,12,Restaurant_FastFood_ETF,3455.466
582,2024,1,Restaurant_FastFood_ETF,3491.457619047619
583,2024,2,Restaurant_FastFood_ETF,3772.269230769231
584,1999,11,Retail_ETF,18.450952380952383
585,1999,12,Retail_ETF,14.69818181818182
586,2000,1,Retail_ETF,15.735
587,2000,2,Retail_ETF,16.8665
588,2000,3,Retail_ETF,18.80260869565217
589,2000,4,Retail_ETF,19.997894736842103
590,2000,5,Retail_ETF,17.22863636363636
591,2000,6,Retail_ETF,14.516363636363637
592,2000,7,Retail_ETF,14.535499999999999
593,2000,8,Retail_ETF,14.071304347826086
594,2000,9,Retail_ETF,12.161
595,2000,10,Retail_ETF,9.699772727272729
596,2000,11,Retail_ETF,8.260714285714286
597,2000,12,Retail_ETF,7.840649999999999
598,2001,1,Retail_ETF,11.906380952380951
599,2001,2,Retail_ETF,14.198421052631579
600,2001,3,Retail_ETF,14.165913636363637
601,2001,4,Retail_ETF,14.130500000000001
602,2001,5,Retail_ETF,15.836818181818183
603,2001,6,Retail_ETF,15.913333333333334
604,2001,7,Retail_ETF,18.74047619047619
605,2001,8,Retail_ETF,21.53782608695652
606,2001,9,Retail_ETF,19.744666666666667
607,2001,10,Retail_ETF,25.15086956521739
608,2001,11,Retail_ETF,28.49904761904762
609,2001,12,Retail_ETF,31.0665
610,2002,1,Retail_ETF,37.19714285714286
611,2002,2,Retail_ETF,38.47894736842105
612,2002,3,Retail_ETF,43.703500000000005
613,2002,4,Retail_ETF,51.08681818181819
614,2002,5,Retail_ETF,56.98272727272727
615,2002,6,Retail_ETF,66.55699999999999
616,2002,7,Retail_ETF,61.83727272727273
617,2002,8,Retail_ETF,49.20272727272727
618,2002,9,Retail_ETF,32.8625
619,2002,10,Retail_ETF,34.76260869565217
620,2002,11,Retail_ETF,42.433
621,2002,12,Retail_ETF,40.83190476190477
622,2003,1,Retail_ETF,40.424285714285716
623,2003,2,Retail_ETF,34.02684210526316
624,2003,3,Retail_ETF,33.14380952380952
625,2003,4,Retail_ETF,39.411
626,2003,5,Retail_ETF,43.836190476190474
627,2003,6,Retail_ETF,48.729
628,2003,7,Retail_ETF,51.76813636363636
629,2003,8,Retail_ETF,50.75238095238095
630,2003,9,Retail_ETF,35.518095238095235
631,2003,10,Retail_ETF,38.61826086956522
632,2003,11,Retail_ETF,41.92
633,2003,12,Retail_ETF,39.812909090909095
634,2004,1,Retail_ETF,41.033
635,2004,2,Retail_ETF,42.30315789473684
636,2004,3,Retail_ETF,40.95782608695652
637,2004,4,Retail_ETF,40.021904761904764
638,2004,5,Retail_ETF,36.8895
639,2004,6,Retail_ETF,39.12238095238096
640,2004,7,Retail_ETF,37.860952380952384
641,2004,8,Retail_ETF,34.19340909090909
642,2004,9,Retail_ETF,37.06476190476191
643,2004,10,Retail_ETF,33.80571428571428
644,2004,11,Retail_ETF,34.84238095238096
645,2004,12,Retail_ETF,35.06363636363636
646,2005,1,Retail_ETF,35.7025
647,2005,2,Retail_ETF,42.202894736842104
648,2005,3,Retail_ETF,43.00454545454546
649,2005,4,Retail_ETF,42.18214285714286
650,2005,5,Retail_ETF,42.09047619047619
651,2005,6,Retail_ETF,47.837954545454544
652,2005,7,Retail_ETF,51.4385
653,2005,8,Retail_ETF,52.08521739130435
654,2005,9,Retail_ETF,49.61952380952381
655,2005,10,Retail_ETF,44.99857142857143
656,2005,11,Retail_ETF,51.30476190476191
657,2005,12,Retail_ETF,54.38
658,2006,1,Retail_ETF,51.818999999999996
659,2006,2,Retail_ETF,61.010000000000005
660,2006,3,Retail_ETF,64.17391304347827
661,2006,4,Retail_ETF,63.534210526315796
662,2006,5,Retail_ETF,60.967954545454546
663,2006,6,Retail_ETF,52.52772727272727
664,2006,7,Retail_ETF,48.292500000000004
665,2006,8,Retail_ETF,44.81782608695652
666,2006,9,Retail_ETF,45.65
667,2006,10,Retail_ETF,50.49636363636364
668,2006,11,Retail_ETF,48.381904761904764
669,2006,12,Retail_ETF,46.2145
670,2007,1,Retail_ETF,48.569
671,2007,2,Retail_ETF,48.793684210526315
672,2007,3,Retail_ETF,51.83364090909092
673,2007,4,Retail_ETF,54.1075
674,2007,5,Retail_ETF,51.42727272727273
675,2007,6,Retail_ETF,52.99285714285714
676,2007,7,Retail_ETF,50.05238095238095
677,2007,8,Retail_ETF,47.64869565217391
678,2007,9,Retail_ETF,47.13368421052631
679,2007,10,Retail_ETF,45.67913043478261
680,2007,11,Retail_ETF,39.962380952380954
681,2007,12,Retail_ETF,38.172
682,2008,1,Retail_ETF,32.47685714285714
683,2008,2,Retail_ETF,39.4795
684,2008,3,Retail_ETF,38.7495
685,2008,4,Retail_ETF,37.412727272727274
686,2008,5,Retail_ETF,33.832857142857144
687,2008,6,Retail_ETF,32.13476190476191
688,2008,7,Retail_ETF,31.882272727272724
689,2008,8,Retail_ETF,41.111428571428576
690,2008,9,Retail_ETF,44.03857142857143
691,2008,10,Retail_ETF,37.221739130434784
692,2008,11,Retail_ETF,36.96157894736842
693,2008,12,Retail_ETF,37.33863636363636
694,2009,1,Retail_ETF,33.7685
695,2009,2,Retail_ETF,33.03
696,2009,3,Retail_ETF,33.43863636363636
697,2009,4,Retail_ETF,39.97714285714286
698,2009,5,Retail_ETF,37.3865
699,2009,6,Retail_ETF,40.32454545454545
700,2009,7,Retail_ETF,45.765
701,2009,8,Retail_ETF,46.95857142857143
702,2009,9,Retail_ETF,47.48095238095238
703,2009,10,Retail_ETF,49.67181818181818
704,2009,11,Retail_ETF,47.486000000000004
705,2009,12,Retail_ETF,51.31909090909091
706,2010,1,Retail_ETF,52.153684210526315
707,2010,2,Retail_ETF,52.56263157894737
708,2010,3,Retail_ETF,58.30565217391304
709,2010,4,Retail_ETF,66.7547619047619
710,2010,5,Retail_ETF,66.8385
711,2010,6,Retail_ETF,64.98
712,2010,7,Retail_ETF,66.86714285714285
713,2010,8,Retail_ETF,69.48181818181818
714,2010,9,Retail_ETF,41.07238095238095
715,2010,10,Retail_ETF,38.99619047619048
716,2010,11,Retail_ETF,41.21476190476191
717,2010,12,Retail_ETF,47.445454545454545
718,2011,1,Retail_ETF,47.989
719,2011,2,Retail_ETF,52.31736842105263
720,2011,3,Retail_ETF,54.81130434782609
721,2011,4,Retail_ETF,62.027
722,2011,5,Retail_ETF,60.576214285714286
723,2011,6,Retail_ETF,62.54272727272728
724,2011,7,Retail_ETF,68.9675
725,2011,8,Retail_ETF,58.79826086956521
726,2011,9,Retail_ETF,65.47047619047619
727,2011,10,Retail_ETF,68.18047619047618
728,2011,11,Retail_ETF,72.17619047619048
729,2011,12,Retail_ETF,72.38095238095238
730,2012,1,Retail_ETF,77.05199999999999
731,2012,2,Retail_ETF,83.726
732,2012,3,Retail_ETF,87.95181818181818
733,2012,4,Retail_ETF,96.38
734,2012,5,Retail_ETF,96.35863636363636
735,2012,6,Retail_ETF,86.97238095238096
736,2012,7,Retail_ETF,83.37142857142857
737,2012,8,Retail_ETF,92.95
738,2012,9,Retail_ETF,98.32736842105264
739,2012,10,Retail_ETF,96.8202380952381
740,2012,11,Retail_ETF,90.89380952380952
741,2012,12,Retail_ETF,86.6125
742,2013,1,Retail_ETF,93.48476190476191
743,2013,2,Retail_ETF,102.88
744,2013,3,Retail_ETF,102.7945
745,2013,4,Retail_ETF,107.0909090909091
746,2013,5,Retail_ETF,112.0109090909091
747,2013,6,Retail_ETF,113.3214
748,2013,7,Retail_ETF,120.17927272727273
749,2013,8,Retail_ETF,120.78181818181817
750,2013,9,Retail_ETF,122.60329999999999
751,2013,10,Retail_ETF,68.40495652173914
752,2013,11,Retail_ETF,72.373
753,2013,12,Retail_ETF,73.92671428571428
754,2014,1,Retail_ETF,73.235
755,2014,2,Retail_ETF,66.50157894736842
756,2014,3,Retail_ETF,72.03666666666666
757,2014,4,Retail_ETF,67.87761904761905
758,2014,5,Retail_ETF,64.67666666666666
759,2014,6,Retail_ETF,64.03571428571429
760,2014,7,Retail_ETF,61.78681818181818
761,2014,8,Retail_ETF,63.162619047619046
762,2014,9,Retail_ETF,62.36904761904762
763,2014,10,Retail_ETF,63.38347826086956
764,2014,11,Retail_ETF,74.66631578947369
765,2014,12,Retail_ETF,77.67227272727273
766,2015,1,Retail_ETF,78.7105
767,2015,2,Retail_ETF,85.13
768,2015,3,Retail_ETF,86.57477272727273
769,2015,4,Retail_ETF,87.74880952380951
770,2015,5,Retail_ETF,87.9105
771,2015,6,Retail_ETF,90.3975
772,2015,7,Retail_ETF,92.23045454545455
773,2015,8,Retail_ETF,90.0747619047619
774,2015,9,Retail_ETF,84.71619047619048
775,2015,10,Retail_ETF,88.09409090909091
776,2015,11,Retail_ETF,90.5175
777,2015,12,Retail_ETF,87.19545454545454
778,2016,1,Retail_ETF,83.55157894736843
779,2016,2,Retail_ETF,84.139
780,2016,3,Retail_ETF,88.67272727272727
781,2016,4,Retail_ETF,91.2
782,2016,5,Retail_ETF,94.04428571428572
783,2016,6,Retail_ETF,93.48954545454545
784,2016,7,Retail_ETF,92.15950000000001
785,2016,8,Retail_ETF,86.07369565217391
786,2016,9,Retail_ETF,71.43476190476191
787,2016,10,Retail_ETF,65.83190476190477
788,2016,11,Retail_ETF,70.69
789,2016,12,Retail_ETF,76.47952380952381
790,2017,1,Retail_ETF,75.50399999999999
791,2017,2,Retail_ETF,72.55684210526316
792,2017,3,Retail_ETF,70.64956521739131
793,2017,4,Retail_ETF,66.08631578947367
794,2017,5,Retail_ETF,58.593636363636364
795,2017,6,Retail_ETF,54.78090909090909
796,2017,7,Retail_ETF,52.61900000000001
797,2017,8,Retail_ETF,56.09869565217391
798,2017,9,Retail_ETF,61.548
799,2017,10,Retail_ETF,59.70863636363636
800,2017,11,Retail_ETF,63.10285714285715
801,2017,12,Retail_ETF,70.2995
802,2018,1,Retail_ETF,79.13
803,2018,2,Retail_ETF,66.80736842105263
804,2018,3,Retail_ETF,62.72857142857143
805,2018,4,Retail_ETF,61.535714285714285
806,2018,5,Retail_ETF,70.74818181818182
807,2018,6,Retail_ETF,76.18333333333332
808,2018,7,Retail_ETF,78.0047619047619
809,2018,8,Retail_ETF,82.58130434782609
810,2018,9,Retail_ETF,89.71842105263157
811,2018,10,Retail_ETF,88.42826086956521
812,2018,11,Retail_ETF,93.22238095238096
813,2018,12,Retail_ETF,87.24631578947368
814,2019,1,Retail_ETF,86.40333333333334
815,2019,2,Retail_ETF,94.02315789473684
816,2019,3,Retail_ETF,92.59714285714286
817,2019,4,Retail_ETF,102.3009523809524
818,2019,5,Retail_ETF,101.41409090909092
819,2019,6,Retail_ETF,106.40450000000001
820,2019,7,Retail_ETF,110.95363636363636
821,2019,8,Retail_ETF,102.75136363636365
822,2019,9,Retail_ETF,96.3345
823,2019,10,Retail_ETF,93.81521739130434
824,2019,11,Retail_ETF,96.4205
825,2019,12,Retail_ETF,94.57761904761905
826,2020,1,Retail_ETF,92.3752380952381
827,2020,2,Retail_ETF,95.68263157894737
828,2020,3,Retail_ETF,82.01590909090909
829,2020,4,Retail_ETF,92.66428571428571
830,2020,5,Retail_ETF,109.415
831,2020,6,Retail_ETF,125.26136363636364
832,2020,7,Retail_ETF,140.32227272727275
833,2020,8,Retail_ETF,150.0990476190476
834,2020,9,Retail_ETF,140.78595238095238
835,2020,10,Retail_ETF,144.0981818181818
836,2020,11,Retail_ETF,133.788
837,2020,12,Retail_ETF,141.36
838,2021,1,Retail_ETF,150.92526315789473
839,2021,2,Retail_ETF,157.99052631578948
840,2021,3,Retail_ETF,167.92347826086956
841,2021,4,Retail_ETF,182.4595238095238
842,2021,5,Retail_ETF,187.2385
843,2021,6,Retail_ETF,180.44590909090908
844,2021,7,Retail_ETF,185.4790476190476
845,2021,8,Retail_ETF,191.5731818181818
846,2021,9,Retail_ETF,204.58428571428573
847,2021,10,Retail_ETF,201.98
848,2021,11,Retail_ETF,222.91714285714286
849,2021,12,Retail_ETF,230.89772727272728
850,2022,1,Retail_ETF,221.823
851,2022,2,Retail_ETF,213.35631578947368
852,2022,3,Retail_ETF,226.73391304347825
853,2022,4,Retail_ETF,221.28699999999998
854,2022,5,Retail_ETF,193.62238095238095
855,2022,6,Retail_ETF,195.8057142857143
856,2022,7,Retail_ETF,197.91
857,2022,8,Retail_ETF,195.13826086956524
858,2022,9,Retail_ETF,191.03047619047618
859,2022,10,Retail_ETF,203.53428571428572
860,2022,11,Retail_ETF,215.8461904761905
861,2022,12,Retail_ETF,217.72904761904763
862,2023,1,Retail_ETF,219.42849999999999
863,2023,2,Retail_ETF,233.76157894736843
864,2023,3,Retail_ETF,229.85434782608695
865,2023,4,Retail_ETF,241.1836842105263
866,2023,5,Retail_ETF,229.86454545454546
867,2023,6,Retail_ETF,217.3409523809524
868,2023,7,Retail_ETF,217.561
869,2023,8,Retail_ETF,220.44652173913045
870,2023,9,Retail_ETF,211.29299999999998
871,2023,10,Retail_ETF,200.27636363636364
872,2023,11,Retail_ETF,199.4402380952381
873,2023,12,Retail_ETF,213.6335
874,2024,1,Retail_ETF,224.06785714285715
875,2024,2,Retail_ETF,234.50307692307692
876,1999,11,Agri_Machinery_ETF,131.35190476190476
877,1999,12,Agri_Machinery_ETF,126.78999999999999
878,2000,1,Agri_Machinery_ETF,134.6475
879,2000,2,Agri_Machinery_ETF,119.04650000000001
880,2000,3,Agri_Machinery_ETF,112.62086956521739
881,2000,4,Agri_Machinery_ETF,122.0421052631579
882,2000,5,Agri_Machinery_ETF,126.96727272727273
883,2000,6,Agri_Machinery_ETF,121.40409090909091
884,2000,7,Agri_Machinery_ETF,120.765
885,2000,8,Agri_Machinery_ETF,116.20695652173913
886,2000,9,Agri_Machinery_ETF,112.95450000000001
887,2000,10,Agri_Machinery_ETF,110.01272727272728
888,2000,11,Agri_Machinery_ETF,117.36619047619047
889,2000,12,Agri_Machinery_ETF,129.1385
890,2001,1,Agri_Machinery_ETF,131.16285714285715
891,2001,2,Agri_Machinery_ETF,129.64315789473685
892,2001,3,Agri_Machinery_ETF,126.83681818181819
893,2001,4,Agri_Machinery_ETF,123.2555
894,2001,5,Agri_Machinery_ETF,131.22045454545454
895,2001,6,Agri_Machinery_ETF,131.05809523809523
896,2001,7,Agri_Machinery_ETF,133.01666666666665
897,2001,8,Agri_Machinery_ETF,138.91
898,2001,9,Agri_Machinery_ETF,124.646
899,2001,10,Agri_Machinery_ETF,124.29304347826087
900,2001,11,Agri_Machinery_ETF,129.48095238095237
901,2001,12,Agri_Machinery_ETF,137.4185
902,2002,1,Agri_Machinery_ETF,138.1742857142857
903,2002,2,Agri_Machinery_ETF,144.42157894736843
904,2002,3,Agri_Machinery_ETF,161.465
905,2002,4,Agri_Machinery_ETF,157.10454545454544
906,2002,5,Agri_Machinery_ETF,157.0159090909091
907,2002,6,Agri_Machinery_ETF,149.696
908,2002,7,Agri_Machinery_ETF,139.77272727272725
909,2002,8,Agri_Machinery_ETF,144.49
910,2002,9,Agri_Machinery_ETF,143.958
911,2002,10,Agri_Machinery_ETF,143.55695652173915
912,2002,11,Agri_Machinery_ETF,152.87099999999998
913,2002,12,Agri_Machinery_ETF,148.78380952380954
914,2003,1,Agri_Machinery_ETF,142.55523809523808
915,2003,2,Agri_Machinery_ETF,134.50631578947366
916,2003,3,Agri_Machinery_ETF,136.00761904761904
917,2003,4,Agri_Machinery_ETF,143.6052380952381
918,2003,5,Agri_Machinery_ETF,145.8147619047619
919,2003,6,Agri_Machinery_ETF,153.75714285714287
920,2003,7,Agri_Machinery_ETF,158.36227272727274
921,2003,8,Agri_Machinery_ETF,178.1861904761905
922,2003,9,Agri_Machinery_ETF,178.67142857142855
923,2003,10,Agri_Machinery_ETF,183.07521739130434
924,2003,11,Agri_Machinery_ETF,188.02473684210526
925,2003,12,Agri_Machinery_ETF,200.2509090909091
926,2004,1,Agri_Machinery_ETF,206.91649999999998
927,2004,2,Agri_Machinery_ETF,198.28315789473686
928,2004,3,Agri_Machinery_ETF,200.8330434782609
929,2004,4,Agri_Machinery_ETF,211.3647619047619
930,2004,5,Agri_Machinery_ETF,195.71249999999998
931,2004,6,Agri_Machinery_ETF,201.63619047619048
932,2004,7,Agri_Machinery_ETF,197.75428571428571
933,2004,8,Agri_Machinery_ETF,190.83136363636365
934,2004,9,Agri_Machinery_ETF,199.2057142857143
935,2004,10,Agri_Machinery_ETF,200.99095238095236
936,2004,11,Agri_Machinery_ETF,222.08333333333331
937,2004,12,Agri_Machinery_ETF,237.50318181818182
938,2005,1,Agri_Machinery_ETF,232.602
939,2005,2,Agri_Machinery_ETF,229.77
940,2005,3,Agri_Machinery_ETF,233.48363636363638
941,2005,4,Agri_Machinery_ETF,216.15476190476193
942,2005,5,Agri_Machinery_ETF,215.98857142857145
943,2005,6,Agri_Machinery_ETF,227.24772727272725
944,2005,7,Agri_Machinery_ETF,206.82750000000001
945,2005,8,Agri_Machinery_ETF,189.09391304347827
946,2005,9,Agri_Machinery_ETF,189.07190476190476
947,2005,10,Agri_Machinery_ETF,179.28714285714287
948,2005,11,Agri_Machinery_ETF,190.9557142857143
949,2005,12,Agri_Machinery_ETF,200.4414285714286
950,2006,1,Agri_Machinery_ETF,208.34250000000003
951,2006,2,Agri_Machinery_ETF,225.87315789473683
952,2006,3,Agri_Machinery_ETF,231.83739130434782
953,2006,4,Agri_Machinery_ETF,251.12842105263158
954,2006,5,Agri_Machinery_ETF,263.67045454545456
955,2006,6,Agri_Machinery_ETF,239.22500000000002
956,2006,7,Agri_Machinery_ETF,241.226
957,2006,8,Agri_Machinery_ETF,239.12695652173915
958,2006,9,Agri_Machinery_ETF,248.6455
959,2006,10,Agri_Machinery_ETF,256.7286363636364
960,2006,11,Agri_Machinery_ETF,261.5966666666667
961,2006,12,Agri_Machinery_ETF,269.931
962,2007,1,Agri_Machinery_ETF,266.0275
963,2007,2,Agri_Machinery_ETF,291.5778947368421
964,2007,3,Agri_Machinery_ETF,289.44409090909096
965,2007,4,Agri_Machinery_ETF,302.752
966,2007,5,Agri_Machinery_ETF,324.4595454545455
967,2007,6,Agri_Machinery_ETF,339.51952380952383
968,2007,7,Agri_Machinery_ETF,353.45000000000005
969,2007,8,Agri_Machinery_ETF,347.85347826086957
970,2007,9,Agri_Machinery_ETF,375.57157894736844
971,2007,10,Agri_Machinery_ETF,396.0604347826087
972,2007,11,Agri_Machinery_ETF,385.1242857142857
973,2007,12,Agri_Machinery_ETF,339.8415
974,2008,1,Agri_Machinery_ETF,323.4447619047619
975,2008,2,Agri_Machinery_ETF,320.13
976,2008,3,Agri_Machinery_ETF,318.33535
977,2008,4,Agri_Machinery_ETF,352.2609090909091
978,2008,5,Agri_Machinery_ETF,358.12714285714287
979,2008,6,Agri_Machinery_ETF,347.22238095238095
980,2008,7,Agri_Machinery_ETF,312.9590909090909
981,2008,8,Agri_Machinery_ETF,319.11619047619047
982,2008,9,Agri_Machinery_ETF,283.957619047619
983,2008,10,Agri_Machinery_ETF,182.3695652173913
984,2008,11,Agri_Machinery_ETF,160.68
985,2008,12,Agri_Machinery_ETF,169.72909090909093
986,2009,1,Agri_Machinery_ETF,170.13
987,2009,2,Agri_Machinery_ETF,137.81947368421052
988,2009,3,Agri_Machinery_ETF,134.715
989,2009,4,Agri_Machinery_ETF,162.83809523809524
990,2009,5,Agri_Machinery_ETF,183.749
991,2009,6,Agri_Machinery_ETF,190.27409090909092
992,2009,7,Agri_Machinery_ETF,187.21454545454546
993,2009,8,Agri_Machinery_ETF,220.20285714285714
994,2009,9,Agri_Machinery_ETF,223.34714285714284
995,2009,10,Agri_Machinery_ETF,223.11863636363637
996,2009,11,Agri_Machinery_ETF,229.178
997,2009,12,Agri_Machinery_ETF,239.46136363636364
998,2010,1,Agri_Machinery_ETF,239.3126315789474
999,2010,2,Agri_Machinery_ETF,230.1421052631579
1000,2010,3,Agri_Machinery_ETF,254.89260869565217
1001,2010,4,Agri_Machinery_ETF,272.60380952380956
1002,2010,5,Agri_Machinery_ETF,256.1755
1003,2010,6,Agri_Machinery_ETF,248.05363636363637
1004,2010,7,Agri_Machinery_ETF,254.39333333333332
1005,2010,8,Agri_Machinery_ETF,259.0536363636364
1006,2010,9,Agri_Machinery_ETF,274.9057142857143
1007,2010,10,Agri_Machinery_ETF,295.7552380952381
1008,2010,11,Agri_Machinery_ETF,309.87428571428575
1009,2010,12,Agri_Machinery_ETF,335.48636363636365
1010,2011,1,Agri_Machinery_ETF,353.39300000000003
1011,2011,2,Agri_Machinery_ETF,373.82157894736844
1012,2011,3,Agri_Machinery_ETF,374.21478260869566
1013,2011,4,Agri_Machinery_ETF,391.238
1014,2011,5,Agri_Machinery_ETF,374.07238095238097
1015,2011,6,Agri_Machinery_ETF,344.35909090909087
1016,2011,7,Agri_Machinery_ETF,364.8945
1017,2011,8,Agri_Machinery_ETF,312.52608695652174
1018,2011,9,Agri_Machinery_ETF,304.27
1019,2011,10,Agri_Machinery_ETF,301.18857142857144
1020,2011,11,Agri_Machinery_ETF,321.1314285714286
1021,2011,12,Agri_Machinery_ETF,326.4733333333333
1022,2012,1,Agri_Machinery_ETF,365.696
1023,2012,2,Agri_Machinery_ETF,390.0155
1024,2012,3,Agri_Machinery_ETF,382.7418181818182
1025,2012,4,Agri_Machinery_ETF,383.38863
1026,2012,5,Agri_Machinery_ETF,363.23318181818183
1027,2012,6,Agri_Machinery_ETF,345.6657142857143
1028,2012,7,Agri_Machinery_ETF,362.31190476190477
1029,2012,8,Agri_Machinery_ETF,364.3713043478261
1030,2012,9,Agri_Machinery_ETF,378.13894736842104
1031,2012,10,Agri_Machinery_ETF,380.18904761904764
1032,2012,11,Agri_Machinery_ETF,381.66809523809525
1033,2012,12,Agri_Machinery_ETF,390.250425
1034,2013,1,Agri_Machinery_ETF,415.96809523809526
1035,2013,2,Agri_Machinery_ETF,425.11368421052634
1036,2013,3,Agri_Machinery_ETF,430.25
1037,2013,4,Agri_Machinery_ETF,403.5690909090909
1038,2013,5,Agri_Machinery_ETF,426.46999999999997
1039,2013,6,Agri_Machinery_ETF,404.8125
1040,2013,7,Agri_Machinery_ETF,410.52181818181816
1041,2013,8,Agri_Machinery_ETF,409.9859090909091
1042,2013,9,Agri_Machinery_ETF,429.911
1043,2013,10,Agri_Machinery_ETF,425.44391304347823
1044,2013,11,Agri_Machinery_ETF,431.4045
1045,2013,12,Agri_Machinery_ETF,446.46238095238095
1046,2014,1,Agri_Machinery_ETF,450.5990476190476
1047,2014,2,Agri_Machinery_ETF,441.0547368421053
1048,2014,3,Agri_Machinery_ETF,452.22
1049,2014,4,Agri_Machinery_ETF,467.85809523809525
1050,2014,5,Agri_Machinery_ETF,468.27
1051,2014,6,Agri_Machinery_ETF,475.587619047619
1052,2014,7,Agri_Machinery_ETF,460.045
1053,2014,8,Agri_Machinery_ETF,440.72428571428577
1054,2014,9,Agri_Machinery_ETF,422.87285714285713
1055,2014,10,Agri_Machinery_ETF,406.27217391304345
1056,2014,11,Agri_Machinery_ETF,424.6426315789474
1057,2014,12,Agri_Machinery_ETF,413.45454545454544
1058,2015,1,Agri_Machinery_ETF,391.858
1059,2015,2,Agri_Machinery_ETF,403.50631578947366
1060,2015,3,Agri_Machinery_ETF,407.2836363636364
1061,2015,4,Agri_Machinery_ETF,413.4704761904762
1062,2015,5,Agri_Machinery_ETF,419.14
1063,2015,6,Agri_Machinery_ETF,419.06454545454545
1064,2015,7,Agri_Machinery_ETF,409.29772727272723
1065,2015,8,Agri_Machinery_ETF,388.01761904761906
1066,2015,9,Agri_Machinery_ETF,353.09238095238095
1067,2015,10,Agri_Machinery_ETF,350.4731818181818
1068,2015,11,Agri_Machinery_ETF,371.899
1069,2015,12,Agri_Machinery_ETF,362.52863636363634
1070,2016,1,Agri_Machinery_ETF,340.64684210526315
1071,2016,2,Agri_Machinery_ETF,356.766
1072,2016,3,Agri_Machinery_ETF,390.75954545454545
1073,2016,4,Agri_Machinery_ETF,398.7033333333333
1074,2016,5,Agri_Machinery_ETF,403.2295238095238
1075,2016,6,Agri_Machinery_ETF,415.9940909090909
1076,2016,7,Agri_Machinery_ETF,415.4455
1077,2016,8,Agri_Machinery_ETF,416.3860869565217
1078,2016,9,Agri_Machinery_ETF,415.33714285714285
1079,2016,10,Agri_Machinery_ETF,425.68857142857144
1080,2016,11,Agri_Machinery_ETF,453.2585714285715
1081,2016,12,Agri_Machinery_ETF,488.2138095238096
1082,2017,1,Agri_Machinery_ETF,490.5245
1083,2017,2,Agri_Machinery_ETF,501.77736842105264
1084,2017,3,Agri_Machinery_ETF,501.25869565217397
1085,2017,4,Agri_Machinery_ETF,505.2315789473684
1086,2017,5,Agri_Machinery_ETF,526.0259090909092
1087,2017,6,Agri_Machinery_ETF,547.5745454545454
1088,2017,7,Agri_Machinery_ETF,563.4665
1089,2017,8,Agri_Machinery_ETF,557.055652173913
1090,2017,9,Agri_Machinery_ETF,574.041
1091,2017,10,Agri_Machinery_ETF,612.75
1092,2017,11,Agri_Machinery_ETF,633.9890476190476
1093,2017,12,Agri_Machinery_ETF,667.268
1094,2018,1,Agri_Machinery_ETF,702.1609523809524
1095,2018,2,Agri_Machinery_ETF,668.6663157894736
1096,2018,3,Agri_Machinery_ETF,646.5557142857143
1097,2018,4,Agri_Machinery_ETF,627.4285714285714
1098,2018,5,Agri_Machinery_ETF,619.699090909091
1099,2018,6,Agri_Machinery_ETF,613.4542857142857
1100,2018,7,Agri_Machinery_ETF,584.5866666666667
1101,2018,8,Agri_Machinery_ETF,589.9982608695652
1102,2018,9,Agri_Machinery_ETF,601.8721052631579
1103,2018,10,Agri_Machinery_ETF,565.2282608695652
1104,2018,11,Agri_Machinery_ETF,555.3199999999999
1105,2018,12,Agri_Machinery_ETF,529.3436842105264
1106,2019,1,Agri_Machinery_ETF,561.3280952380952
1107,2019,2,Agri_Machinery_ETF,597.0842105263158
1108,2019,3,Agri_Machinery_ETF,602.8604761904762
1109,2019,4,Agri_Machinery_ETF,618.8261904761905
1110,2019,5,Agri_Machinery_ETF,576.7509090909091
1111,2019,6,Agri_Machinery_ETF,585.4784999999999
1112,2019,7,Agri_Machinery_ETF,616.2904545454545
1113,2019,8,Agri_Machinery_ETF,591.4154545454545
1114,2019,9,Agri_Machinery_ETF,632.773
1115,2019,10,Agri_Machinery_ETF,638.7691304347827
1116,2019,11,Agri_Machinery_ETF,666.2335
1117,2019,12,Agri_Machinery_ETF,670.0090476190476
1118,2020,1,Agri_Machinery_ETF,675.142380952381
1119,2020,2,Agri_Machinery_ETF,643.2215789473684
1120,2020,3,Agri_Machinery_ETF,500.1281818181818
1121,2020,4,Agri_Machinery_ETF,511.5647619047619
1122,2020,5,Agri_Machinery_ETF,509.233
1123,2020,6,Agri_Machinery_ETF,563.3554545454546
1124,2020,7,Agri_Machinery_ETF,589.8690909090909
1125,2020,8,Agri_Machinery_ETF,650.3019047619048
1126,2020,9,Agri_Machinery_ETF,678.3947619047619
1127,2020,10,Agri_Machinery_ETF,735.9749999999999
1128,2020,11,Agri_Machinery_ETF,816.413
1129,2020,12,Agri_Machinery_ETF,855.2795454545455
1130,2021,1,Agri_Machinery_ETF,957.4636842105264
1131,2021,2,Agri_Machinery_ETF,1031.5094736842104
1132,2021,3,Agri_Machinery_ETF,1136.6252173913044
1133,2021,4,Agri_Machinery_ETF,1168.9538095238095
1134,2021,5,Agri_Machinery_ETF,1179.7765
1135,2021,6,Agri_Machinery_ETF,1105.6022727272727
1136,2021,7,Agri_Machinery_ETF,1082.2685714285715
1137,2021,8,Agri_Machinery_ETF,1127.0790909090908
1138,2021,9,Agri_Machinery_ETF,1092.0538095238094
1139,2021,10,Agri_Machinery_ETF,1062.7580952380952
1140,2021,11,Agri_Machinery_ETF,1104.0804761904762
1141,2021,12,Agri_Machinery_ETF,1078.1190909090908
1142,2022,1,Agri_Machinery_ETF,1111.3310000000001
1143,2022,2,Agri_Machinery_ETF,1062.9594736842105
1144,2022,3,Agri_Machinery_ETF,1139.5465217391304
1145,2022,4,Agri_Machinery_ETF,1165.563
1146,2022,5,Agri_Machinery_ETF,1078.6361904761904
1147,2022,6,Agri_Machinery_ETF,1015.1209523809524
1148,2022,7,Agri_Machinery_ETF,952.453
1149,2022,8,Agri_Machinery_ETF,1090.3778260869565
1150,2022,9,Agri_Machinery_ETF,1046.1695238095238
1151,2022,10,Agri_Machinery_ETF,1117.33
1152,2022,11,Agri_Machinery_ETF,1256.832380952381
1153,2022,12,Agri_Machinery_ETF,1297.5133333333333
1154,2023,1,Agri_Machinery_ETF,1307.964
1155,2023,2,Agri_Machinery_ETF,1295.8
1156,2023,3,Agri_Machinery_ETF,1271.6773913043478
1157,2023,4,Agri_Machinery_ETF,1219.3278947368422
1158,2023,5,Agri_Machinery_ETF,1175.331818181818
1159,2023,6,Agri_Machinery_ETF,1239.6504761904762
1160,2023,7,Agri_Machinery_ETF,1297.6525
1161,2023,8,Agri_Machinery_ETF,1258.8804347826087
1162,2023,9,Agri_Machinery_ETF,1226.0495
1163,2023,10,Agri_Machinery_ETF,1159.8500000000001
1164,2023,11,Agri_Machinery_ETF,1130.9066666666665
1165,2023,12,Agri_Machinery_ETF,1213.7930000000001
1166,2024,1,Agri_Machinery_ETF,1249.7242857142858
1167,2024,2,Agri_Machinery_ETF,1275.9215384615386
1168,1999,11,Investment_Funds_ETF,247.56307619047618
1169,1999,12,Investment_Funds_ETF,255.8695818181818
1170,2000,1,Investment_Funds_ETF,255.67749500000002
1171,2000,2,Investment_Funds_ETF,244.5783
1172,2000,3,Investment_Funds_ETF,249.56854347826086
1173,2000,4,Investment_Funds_ETF,255.72662105263157
1174,2000,5,Investment_Funds_ETF,247.85723181818182
1175,2000,6,Investment_Funds_ETF,252.4908772727273
1176,2000,7,Investment_Funds_ETF,254.217325
1177,2000,8,Investment_Funds_ETF,259.21546521739134
1178,2000,9,Investment_Funds_ETF,256.65732
1179,2000,10,Investment_Funds_ETF,243.62563636363637
1180,2000,11,Investment_Funds_ETF,244.5644142857143
1181,2000,12,Investment_Funds_ETF,239.55012500000004
1182,2001,1,Investment_Funds_ETF,240.5487
1183,2001,2,Investment_Funds_ETF,238.8505263157895
1184,2001,3,Investment_Funds_ETF,219.76227272727272
1185,2001,4,Investment_Funds_ETF,221.6415
1186,2001,5,Investment_Funds_ETF,237.6009090909091
1187,2001,6,Investment_Funds_ETF,232.01761904761906
1188,2001,7,Investment_Funds_ETF,225.26238095238094
1189,2001,8,Investment_Funds_ETF,221.58999999999997
1190,2001,9,Investment_Funds_ETF,195.426
1191,2001,10,Investment_Funds_ETF,200.17782608695651
1192,2001,11,Investment_Funds_ETF,210.87952380952382
1193,2001,12,Investment_Funds_ETF,214.9655
1194,2002,1,Investment_Funds_ETF,213.69190476190477
1195,2002,2,Investment_Funds_ETF,209.52
1196,2002,3,Investment_Funds_ETF,220.864
1197,2002,4,Investment_Funds_ETF,213.16909090909093
1198,2002,5,Investment_Funds_ETF,209.25681818181818
1199,2002,6,Investment_Funds_ETF,197.0595
1200,2002,7,Investment_Funds_ETF,176.78181818181815
1201,2002,8,Investment_Funds_ETF,178.635
1202,2002,9,Investment_Funds_ETF,168.8995
1203,2002,10,Investment_Funds_ETF,166.6095652173913
1204,2002,11,Investment_Funds_ETF,177.92849999999999
1205,2002,12,Investment_Funds_ETF,175.85809523809525
1206,2003,1,Investment_Funds_ETF,174.73809523809524
1207,2003,2,Investment_Funds_ETF,163.74
1208,2003,3,Investment_Funds_ETF,165.0
1209,2003,4,Investment_Funds_ETF,172.73333333333335
1210,2003,5,Investment_Funds_ETF,180.41190476190476
1211,2003,6,Investment_Funds_ETF,190.45761904761906
1212,2003,7,Investment_Funds_ETF,191.31
1213,2003,8,Investment_Funds_ETF,192.42761904761903
1214,2003,9,Investment_Funds_ETF,197.6042857142857
1215,2003,10,Investment_Funds_ETF,277.64778260869565
1216,2003,11,Investment_Funds_ETF,280.88742105263157
1217,2003,12,Investment_Funds_ETF,288.2118181818182
1218,2004,1,Investment_Funds_ETF,302.9178
1219,2004,2,Investment_Funds_ETF,302.69973684210527
1220,2004,3,Investment_Funds_ETF,295.1804347826087
1221,2004,4,Investment_Funds_ETF,298.622380952381
1222,2004,5,Investment_Funds_ETF,288.88300000000004
1223,2004,6,Investment_Funds_ETF,297.4761904761905
1224,2004,7,Investment_Funds_ETF,288.9866666666667
1225,2004,8,Investment_Funds_ETF,282.7083181818182
1226,2004,9,Investment_Funds_ETF,289.76714285714286
1227,2004,10,Investment_Funds_ETF,289.6904761904762
1228,2004,11,Investment_Funds_ETF,303.86619047619047
1229,2004,12,Investment_Funds_ETF,312.06877272727274
1230,2005,1,Investment_Funds_ETF,305.1254
1231,2005,2,Investment_Funds_ETF,308.728947368421
1232,2005,3,Investment_Funds_ETF,306.4359090909091
1233,2005,4,Investment_Funds_ETF,296.4050952380952
1234,2005,5,Investment_Funds_ETF,300.92504761904763
1235,2005,6,Investment_Funds_ETF,307.06515
1236,2005,7,Investment_Funds_ETF,312.46655
1237,2005,8,Investment_Funds_ETF,313.4381260869565
1238,2005,9,Investment_Funds_ETF,312.7065285714286
1239,2005,10,Investment_Funds_ETF,304.7169761904762
1240,2005,11,Investment_Funds_ETF,318.08238095238096
1241,2005,12,Investment_Funds_ETF,323.05667142857146
1242,2006,1,Investment_Funds_ETF,326.38829499999997
1243,2006,2,Investment_Funds_ETF,326.7812631578947
1244,2006,3,Investment_Funds_ETF,331.34952608695653
1245,2006,4,Investment_Funds_ETF,334.36116315789474
1246,2006,5,Investment_Funds_ETF,330.58259090909087
1247,2006,6,Investment_Funds_ETF,319.38365
1248,2006,7,Investment_Funds_ETF,318.29095
1249,2006,8,Investment_Funds_ETF,324.82565217391306
1250,2006,9,Investment_Funds_ETF,334.62728
1251,2006,10,Investment_Funds_ETF,347.5080454545455
1252,2006,11,Investment_Funds_ETF,355.76457142857146
1253,2006,12,Investment_Funds_ETF,361.1254
1254,2007,1,Investment_Funds_ETF,363.77728
1255,2007,2,Investment_Funds_ETF,368.40344210526314
1256,2007,3,Investment_Funds_ETF,357.8031818181818
1257,2007,4,Investment_Funds_ETF,372.06245
1258,2007,5,Investment_Funds_ETF,386.08595454545457
1259,2007,6,Investment_Funds_ETF,388.2390238095238
1260,2007,7,Investment_Funds_ETF,392.91319047619044
1261,2007,8,Investment_Funds_ETF,377.84900000000005
1262,2007,9,Investment_Funds_ETF,389.12094736842107
1263,2007,10,Investment_Funds_ETF,401.8675304347826
1264,2007,11,Investment_Funds_ETF,383.01057142857144
1265,2007,12,Investment_Funds_ETF,386.647
1266,2008,1,Investment_Funds_ETF,357.6182857142857
1267,2008,2,Investment_Funds_ETF,351.01725
1268,2008,3,Investment_Funds_ETF,342.4157
1269,2008,4,Investment_Funds_ETF,356.4616363636364
1270,2008,5,Investment_Funds_ETF,366.0364761904762
1271,2008,6,Investment_Funds_ETF,350.21742857142857
1272,2008,7,Investment_Funds_ETF,328.21727272727276
1273,2008,8,Investment_Funds_ETF,337.5938095238095
1274,2008,9,Investment_Funds_ETF,320.1252380952381
1275,2008,10,Investment_Funds_ETF,256.9957347826087
1276,2008,11,Investment_Funds_ETF,235.45805263157894
1277,2008,12,Investment_Funds_ETF,234.06068181818182
1278,2009,1,Investment_Funds_ETF,231.039395
1279,2009,2,Investment_Funds_ETF,216.20063157894737
1280,2009,3,Investment_Funds_ETF,204.68481818181817
1281,2009,4,Investment_Funds_ETF,229.4336904761905
1282,2009,5,Investment_Funds_ETF,242.51319999999998
1283,2009,6,Investment_Funds_ETF,250.95126818181816
1284,2009,7,Investment_Funds_ETF,254.12731818181817
1285,2009,8,Investment_Funds_ETF,273.88424285714285
1286,2009,9,Investment_Funds_ETF,283.35050476190474
1287,2009,10,Investment_Funds_ETF,289.0624909090909
1288,2009,11,Investment_Funds_ETF,295.9501
1289,2009,12,Investment_Funds_ETF,303.13469090909086
1290,2010,1,Investment_Funds_ETF,306.3393684210526
1291,2010,2,Investment_Funds_ETF,297.8024315789474
1292,2010,3,Investment_Funds_ETF,315.4706565217391
1293,2010,4,Investment_Funds_ETF,327.98109523809524
1294,2010,5,Investment_Funds_ETF,309.434995
1295,2010,6,Investment_Funds_ETF,298.45336363636363
1296,2010,7,Investment_Funds_ETF,297.4570047619047
1297,2010,8,Investment_Funds_ETF,299.6599545454545
1298,2010,9,Investment_Funds_ETF,360.98297142857143
1299,2010,10,Investment_Funds_ETF,377.5276333333333
1300,2010,11,Investment_Funds_ETF,386.9602857142857
1301,2010,12,Investment_Funds_ETF,399.9447272727273
1302,2011,1,Investment_Funds_ETF,411.823865
1303,2011,2,Investment_Funds_ETF,424.25047368421053
1304,2011,3,Investment_Funds_ETF,418.3112782608696
1305,2011,4,Investment_Funds_ETF,428.42552
1306,2011,5,Investment_Funds_ETF,431.97820476190475
1307,2011,6,Investment_Funds_ETF,414.64589545454544
1308,2011,7,Investment_Funds_ETF,428.77195
1309,2011,8,Investment_Funds_ETF,384.9718304347826
1310,2011,9,Investment_Funds_ETF,382.33315714285715
1311,2011,10,Investment_Funds_ETF,393.1614285714286
1312,2011,11,Investment_Funds_ETF,399.9630714285714
1313,2011,12,Investment_Funds_ETF,404.75748095238094
1314,2012,1,Investment_Funds_ETF,422.9882
1315,2012,2,Investment_Funds_ETF,441.59740000000005
1316,2012,3,Investment_Funds_ETF,453.1172272727273
1317,2012,4,Investment_Funds_ETF,451.90671
1318,2012,5,Investment_Funds_ETF,437.3781818181818
1319,2012,6,Investment_Funds_ETF,430.8379333333333
1320,2012,7,Investment_Funds_ETF,441.2485285714286
1321,2012,8,Investment_Funds_ETF,455.76056521739133
1322,2012,9,Investment_Funds_ETF,468.6870947368421
1323,2012,10,Investment_Funds_ETF,463.6342761904762
1324,2012,11,Investment_Funds_ETF,448.5809523809524
1325,2012,12,Investment_Funds_ETF,457.76041
1326,2013,1,Investment_Funds_ETF,474.3508095238095
1327,2013,2,Investment_Funds_ETF,484.716
1328,2013,3,Investment_Funds_ETF,497.476
1329,2013,4,Investment_Funds_ETF,503.1845
1330,2013,5,Investment_Funds_ETF,526.5365727272728
1331,2013,6,Investment_Funds_ETF,521.412695
1332,2013,7,Investment_Funds_ETF,537.0292272727272
1333,2013,8,Investment_Funds_ETF,539.0380636363636
1334,2013,9,Investment_Funds_ETF,545.925255
1335,2013,10,Investment_Funds_ETF,575.7135217391304
1336,2013,11,Investment_Funds_ETF,656.64095
1337,2013,12,Investment_Funds_ETF,668.5564238095238
1338,2014,1,Investment_Funds_ETF,674.3651809523809
1339,2014,2,Investment_Funds_ETF,673.1464947368421
1340,2014,3,Investment_Funds_ETF,688.5479380952381
1341,2014,4,Investment_Funds_ETF,682.175080952381
1342,2014,5,Investment_Funds_ETF,690.3213476190476
1343,2014,6,Investment_Funds_ETF,711.9356095238095
1344,2014,7,Investment_Funds_ETF,721.4277636363636
1345,2014,8,Investment_Funds_ETF,719.2980666666667
1346,2014,9,Investment_Funds_ETF,732.141919047619
1347,2014,10,Investment_Funds_ETF,710.7162565217392
1348,2014,11,Investment_Funds_ETF,753.026847368421
1349,2014,12,Investment_Funds_ETF,757.6051318181818
1350,2015,1,Investment_Funds_ETF,747.093915
1351,2015,2,Investment_Funds_ETF,769.3701842105263
1352,2015,3,Investment_Funds_ETF,772.4213636363637
1353,2015,4,Investment_Funds_ETF,776.3416666666667
1354,2015,5,Investment_Funds_ETF,783.89701
1355,2015,6,Investment_Funds_ETF,781.4848863636363
1356,2015,7,Investment_Funds_ETF,778.750759090909
1357,2015,8,Investment_Funds_ETF,756.3436285714286
1358,2015,9,Investment_Funds_ETF,723.0610714285714
1359,2015,10,Investment_Funds_ETF,751.1283272727273
1360,2015,11,Investment_Funds_ETF,776.768305
1361,2015,12,Investment_Funds_ETF,767.7564181818182
1362,2016,1,Investment_Funds_ETF,711.3173421052632
1363,2016,2,Investment_Funds_ETF,703.734715
1364,2016,3,Investment_Funds_ETF,747.7735
1365,2016,4,Investment_Funds_ETF,767.9808333333333
1366,2016,5,Investment_Funds_ETF,761.5976904761905
1367,2016,6,Investment_Funds_ETF,768.2223181818183
1368,2016,7,Investment_Funds_ETF,792.3414849999999
1369,2016,8,Investment_Funds_ETF,808.2103260869565
1370,2016,9,Investment_Funds_ETF,803.0045
1371,2016,10,Investment_Funds_ETF,799.193180952381
1372,2016,11,Investment_Funds_ETF,809.7526952380953
1373,2016,12,Investment_Funds_ETF,841.4067619047619
1374,2017,1,Investment_Funds_ETF,853.202175
1375,2017,2,Investment_Funds_ETF,877.7805368421052
1376,2017,3,Investment_Funds_ETF,892.9860086956521
1377,2017,4,Investment_Funds_ETF,891.4068421052631
1378,2017,5,Investment_Funds_ETF,910.0895454545455
1379,2017,6,Investment_Funds_ETF,925.0572727272727
1380,2017,7,Investment_Funds_ETF,933.2995
1381,2017,8,Investment_Funds_ETF,938.6697826086956
1382,2017,9,Investment_Funds_ETF,952.5465
1383,2017,10,Investment_Funds_ETF,979.4472727272728
1384,2017,11,Investment_Funds_ETF,1000.4761904761905
1385,2017,12,Investment_Funds_ETF,1027.5900000000001
1386,2018,1,Investment_Funds_ETF,1077.7157142857143
1387,2018,2,Investment_Funds_ETF,1049.372105263158
1388,2018,3,Investment_Funds_ETF,1050.9480952380952
1389,2018,4,Investment_Funds_ETF,1029.2171428571428
1390,2018,5,Investment_Funds_ETF,1052.0025409090908
1391,2018,6,Investment_Funds_ETF,1076.4847619047619
1392,2018,7,Investment_Funds_ETF,1089.2061904761904
1393,2018,8,Investment_Funds_ETF,1114.3882608695653
1394,2018,9,Investment_Funds_ETF,1132.8105263157895
1395,2018,10,Investment_Funds_ETF,1084.5534782608695
1396,2018,11,Investment_Funds_ETF,1058.9004761904762
1397,2018,12,Investment_Funds_ETF,998.2242105263158
1398,2019,1,Investment_Funds_ETF,1014.0757142857142
1399,2019,2,Investment_Funds_ETF,1075.7784157894737
1400,2019,3,Investment_Funds_ETF,1094.1242857142856
1401,2019,4,Investment_Funds_ETF,1133.31
1402,2019,5,Investment_Funds_ETF,1111.7004545454547
1403,2019,6,Investment_Funds_ETF,1124.4270000000001
1404,2019,7,Investment_Funds_ETF,1166.8136363636363
1405,2019,8,Investment_Funds_ETF,1127.3631818181818
1406,2019,9,Investment_Funds_ETF,1159.4825
1407,2019,10,Investment_Funds_ETF,1155.0991304347826
1408,2019,11,Investment_Funds_ETF,1208.6365
1409,2019,12,Investment_Funds_ETF,1235.6571428571428
1410,2020,1,Investment_Funds_ETF,1275.7590476190476
1411,2020,2,Investment_Funds_ETF,1280.4794736842105
1412,2020,3,Investment_Funds_ETF,1037.2381818181818
1413,2020,4,Investment_Funds_ETF,1084.2728571428572
1414,2020,5,Investment_Funds_ETF,1157.362
1415,2020,6,Investment_Funds_ETF,1239.5736363636365
1416,2020,7,Investment_Funds_ETF,1286.415909090909
1417,2020,8,Investment_Funds_ETF,1365.7627761904762
1418,2020,9,Investment_Funds_ETF,1354.5149428571428
1419,2020,10,Investment_Funds_ETF,1378.649359090909
1420,2020,11,Investment_Funds_ETF,1430.4936
1421,2020,12,Investment_Funds_ETF,1500.7297454545455
1422,2021,1,Investment_Funds_ETF,1546.093157894737
1423,2021,2,Investment_Funds_ETF,1589.353947368421
1424,2021,3,Investment_Funds_ETF,1584.0352217391305
1425,2021,4,Investment_Funds_ETF,1275.2547619047618
1426,2021,5,Investment_Funds_ETF,1193.823
1427,2021,6,Investment_Funds_ETF,1210.1570454545456
1428,2021,7,Investment_Funds_ETF,1240.0019047619048
1429,2021,8,Investment_Funds_ETF,1263.5159090909092
1430,2021,9,Investment_Funds_ETF,1257.3985714285714
1431,2021,10,Investment_Funds_ETF,1261.9742857142855
1432,2021,11,Investment_Funds_ETF,1314.1566666666668
1433,2021,12,Investment_Funds_ETF,1312.316240909091
1434,2022,1,Investment_Funds_ETF,1286.159
1435,2022,2,Investment_Funds_ETF,1250.165789473684
1436,2022,3,Investment_Funds_ETF,1234.845652173913
1437,2022,4,Investment_Funds_ETF,1235.716
1438,2022,5,Investment_Funds_ETF,1144.327619047619
1439,2022,6,Investment_Funds_ETF,1106.7280952380952
1440,2022,7,Investment_Funds_ETF,1109.326
1441,2022,8,Investment_Funds_ETF,1176.263043478261
1442,2022,9,Investment_Funds_ETF,1089.4495238095237
1443,2022,10,Investment_Funds_ETF,1061.1190476190477
1444,2022,11,Investment_Funds_ETF,1127.9938095238097
1445,2022,12,Investment_Funds_ETF,1126.9238095238095
1446,2023,1,Investment_Funds_ETF,1137.0610000000001
1447,2023,2,Investment_Funds_ETF,1163.883157894737
1448,2023,3,Investment_Funds_ETF,1130.9278260869564
1449,2023,4,Investment_Funds_ETF,1173.138947368421
1450,2023,5,Investment_Funds_ETF,1176.2736363636363
1451,2023,6,Investment_Funds_ETF,1224.9299999999998
1452,2023,7,Investment_Funds_ETF,1265.335
1453,2023,8,Investment_Funds_ETF,1256.5834782608695
1454,2023,9,Investment_Funds_ETF,1241.7795
1455,2023,10,Investment_Funds_ETF,1201.8897727272729
1456,2023,11,Investment_Funds_ETF,1256.4066666666668
1457,2023,12,Investment_Funds_ETF,1325.0215
1458,2024,1,Investment_Funds_ETF,1355.8838095238095
1459,2024,2,Investment_Funds_ETF,1404.8443750000001
