,Year,Month,Beef,Broilers,Lamb and Mutton,Other Chicken,Pork,Turkey,Veal,Agri_Machinery_ETF,Food_Beverage_ETF,Investment_Funds_ETF,Restaurant_FastFood_ETF,Retail_ETF
0,2001,1,2188.5,2622.2,18.5,42.7,1682.5,403.4,17.5,131.16285714285715,262.752380952381,240.5487,156.89238095238096,11.906380952380951
1,2001,2,1866.5,2322.2,17.0,39.7,1476.5,461.2,15.5,129.64315789473685,275.65000000000003,238.8505263157895,161.48736842105262,14.19842105263158
2,2001,3,2080.5,2588.6,23.0,44.4,1616.0,409.3,16.0,126.8368181818182,270.31863636363636,219.76227272727272,156.85090909090908,14.165913636363635
3,2001,4,1924.5,2515.7,19.5,42.2,1523.5,462.0,15.0,123.2555,262.239,221.6415,155.71800000000002,14.1305
4,2001,5,2279.5,2835.6,16.5,45.6,1545.0,428.8,15.5,131.22045454545454,265.39045454545453,237.6009090909091,144.99272727272728,15.836818181818185
5,2001,6,2255.0,2636.6,16.0,44.0,1448.5,488.3,15.5,131.05809523809523,269.187619047619,232.01761904761904,146.41809523809525,15.913333333333334
6,2001,7,2163.5,2592.8,16.5,42.5,1425.5,463.9,15.5,133.01666666666665,272.8747619047619,225.26238095238097,147.87,18.74047619047619
7,2001,8,2410.5,2850.7,18.5,46.6,1589.5,470.1,17.0,138.91,275.73869565217393,221.58999999999995,145.4817391304348,21.53782608695652
8,2001,9,2105.5,2438.7,16.0,40.9,1502.5,494.9,14.5,124.646,278.696,195.426,133.06933333333333,19.744666666666667
9,2001,10,2371.0,2897.2,19.5,47.0,1828.0,429.1,17.5,124.29304347826088,274.49260869565217,200.17782608695651,143.38434782608695,25.15086956521739
10,2001,11,2186.0,2500.7,19.5,39.4,1724.0,541.3,16.0,129.48095238095237,289.4919047619048,210.87952380952385,149.36523809523808,28.49904761904762
11,2001,12,2094.0,2464.8,18.5,40.9,1658.0,493.0,15.5,137.4185,293.75100000000003,214.9655,155.109,31.0665
12,2002,1,2313.5,2779.9,17.4,48.0,1707.5,419.8,16.65,138.1742857142857,296.19428571428574,213.69190476190477,165.05761904761903,37.19714285714286
13,2002,2,1971.5,2453.6,17.4,40.8,1473.5,482.7,14.100000000000001,144.42157894736843,299.6778947368421,209.52,172.21,38.47894736842105
14,2002,3,2043.5,2585.1,21.9,42.8,1572.0,448.2,14.8,161.465,303.7705,220.864,177.158,43.703500000000005
15,2002,4,2179.5,2751.8,18.75,47.3,1663.0,447.2,15.850000000000001,157.10454545454544,311.0713636363636,213.16909090909093,180.70590909090907,51.08681818181819
16,2002,5,2321.0,2894.9,19.05,46.5,1637.0,491.3,15.25,157.0159090909091,303.31863636363636,209.25681818181815,170.47272727272727,56.98272727272727
17,2002,6,2288.0,2587.1,14.75,44.0,1470.0,496.8,14.35,149.696,296.312,197.0595,155.994,66.55699999999999
18,2002,7,2412.5,2826.5,15.850000000000001,48.3,1547.5,452.9,16.45,139.77272727272725,278.0263636363636,176.78181818181815,121.56727272727272,61.83727272727273
19,2002,8,2453.5,2828.3,16.15,49.2,1627.0,485.6,16.45,144.49,286.7663636363637,178.635,121.78636363636365,49.20272727272727
20,2002,9,2185.5,2596.4,17.200000000000003,46.4,1627.5,481.9,16.0,143.958,278.4445,168.8995,117.3165,32.8625
21,2002,10,2493.0,2953.3,19.25,50.7,1820.5,444.6,18.35,143.55695652173915,275.2995652173913,166.6095652173913,111.70434782608696,34.76260869565217
22,2002,11,2149.0,2455.5,17.450000000000003,40.9,1700.0,525.9,16.6,152.87099999999998,288.75100000000003,177.9285,108.803,42.433
23,2002,12,2091.0,2527.4,18.15,42.2,1704.5,492.3,17.7,148.78380952380954,292.61761904761903,175.85809523809525,108.8,40.83190476190477
24,2003,1,2273.5,2774.6,15.7,45.2,1743.0,463.4,17.55,142.55523809523808,304.5138095238095,174.73809523809524,109.79285714285714,40.42428571428571
25,2003,2,1927.0,2419.5,14.7,39.5,1514.5,479.8,15.55,134.50631578947366,285.97052631578947,163.74,104.7121052631579,34.02684210526316
26,2003,3,2033.0,2592.4,17.85,41.1,1614.5,431.4,16.25,136.00761904761904,267.6747619047619,165.0,107.56952380952382,33.14380952380952
27,2003,4,2136.0,2733.6,19.05,43.5,1650.5,468.5,15.75,143.6052380952381,272.28333333333336,172.73333333333335,111.82809523809524,39.411
28,2003,5,2346.0,2781.2,14.85,44.0,1543.0,474.4,15.55,145.8147619047619,281.70666666666665,180.41190476190476,113.60842857142858,43.836190476190474
29,2003,6,2377.5,2759.8,14.85,44.5,1523.0,481.7,14.75,153.75714285714287,301.83809523809526,190.45761904761903,122.56380952380952,48.729
30,2003,7,2425.0,2888.1,15.3,46.5,1571.0,482.5,14.55,158.36227272727274,302.72368181818183,191.31,127.11409090909092,51.76813636363636
31,2003,8,2314.0,2742.3,15.3,41.4,1550.0,493.5,13.899999999999999,178.1861904761905,295.44904761904763,192.42761904761903,129.87238095238095,50.75238095238095
32,2003,9,2299.5,2817.2,16.5,40.2,1659.0,455.6,15.0,178.67142857142855,299.80719047619044,197.6042857142857,117.26666666666668,35.518095238095235
33,2003,10,2195.0,3052.8,17.549999999999997,43.7,1903.0,459.6,16.0,183.0752173913043,306.9143913043478,277.64778260869565,117.40173913043478,38.61826086956522
34,2003,11,1769.0,2423.9,15.95,33.9,1710.5,528.4,14.95,188.02473684210528,315.68584210526313,280.88742105263157,122.70510526315788,41.92
35,2003,12,1963.0,2763.6,17.6,39.1,1860.0,455.5,18.75,200.2509090909091,318.7995454545454,288.2118181818182,122.8709090909091,39.812909090909095
36,2004,1,1910.0,2823.6,15.15,39.2,1750.5,439.4,15.8,206.9165,320.13945,302.9178,125.903,41.033
37,2004,2,1789.5,2467.8,14.45,32.3,1564.0,440.0,14.3,198.2831578947369,334.6842105263158,302.69973684210527,132.80105263157895,42.30315789473684
38,2004,3,2092.0,2903.2,21.85,45.1,1793.0,398.0,13.85,200.8330434782609,344.25347826086954,295.1804347826087,139.12304347826085,40.95782608695652
39,2004,4,1942.5,2814.2,17.0,42.2,1718.0,470.9,13.7,211.3647619047619,358.01104761904764,298.622380952381,139.36238095238096,40.02190476190477
40,2004,5,2056.5,2771.4,12.7,39.2,1493.0,449.2,13.55,195.7125,363.80555,288.88300000000004,135.1405,36.8895
41,2004,6,2212.5,2906.4,15.25,43.7,1664.5,449.1,13.100000000000001,201.63619047619048,348.4657142857143,297.4761904761905,138.60619047619048,39.12238095238096
42,2004,7,2090.5,2875.8,13.85,43.5,1569.0,467.5,13.100000000000001,197.75428571428571,324.9761904761905,288.9866666666667,155.8752380952381,37.860952380952384
43,2004,8,2136.5,2989.5,14.8,45.7,1690.0,462.0,13.8,190.83136363636365,313.94954545454544,282.7083181818182,153.48409090909092,34.19340909090909
44,2004,9,2090.0,2974.1,15.95,46.5,1763.5,469.6,12.7,199.2057142857143,311.55238095238093,289.76714285714286,160.47,37.06476190476191
45,2004,10,2097.5,2903.6,15.9,43.7,1771.5,458.5,12.15,200.99095238095236,307.44409523809526,289.6904761904762,171.31857142857143,33.80571428571428
46,2004,11,1925.0,2796.9,16.15,40.6,1791.5,466.2,13.55,222.08333333333331,326.5535428571429,303.86619047619047,186.7072380952381,34.84238095238096
47,2004,12,2027.0,2836.9,16.6,42.5,1848.5,483.2,14.7,237.50318181818184,337.5709090909091,312.06877272727274,196.15418181818185,35.06363636363636
48,2005,1,1899.6,2884.1,14.1,38.7,1698.15,440.0,13.15,232.602,346.57415,305.1254,194.031,35.7025
49,2005,2,1753.2,2667.9,14.85,38.8,1622.6,455.3,11.85,229.77,360.1384210526316,308.728947368421,191.29368421052632,42.202894736842104
50,2005,3,2026.0,3036.4,19.15,46.5,1795.7,409.2,13.100000000000001,233.4836363636364,355.8623181818182,306.4359090909091,197.89363636363635,43.00454545454546
51,2005,4,1874.05,2855.4,15.2,44.4,1697.0,463.1,12.8,216.15476190476193,346.7809523809524,296.4050952380952,192.35280952380953,42.18214285714286
52,2005,5,2060.35,3023.2,14.55,45.1,1603.5500000000002,446.0,13.05,215.98857142857145,353.9766666666667,300.92504761904763,199.30380952380952,42.09047619047619
53,2005,6,2213.0,3055.4,14.95,48.1,1699.7,461.0,13.05,227.24772727272725,347.22951363636366,307.06515,206.5820454545455,47.837954545454544
54,2005,7,2069.7,2814.3,13.100000000000001,42.0,1498.45,490.0,12.25,206.8275,345.34713,312.46655,207.199,51.4385
55,2005,8,2304.2,3113.3,15.0,47.2,1743.35,432.0,13.55,189.09391304347827,338.4630434782609,313.4381260869565,207.05782608695657,52.08521739130435
56,2005,9,2142.7,3011.1,15.3,42.2,1735.3,488.4,13.1,189.07190476190476,338.9952333333333,312.7065285714286,199.46857142857144,49.61952380952381
57,2005,10,2063.55,3044.7,15.45,41.6,1808.5500000000002,454.5,12.3,179.28714285714287,341.9119285714286,304.7169761904762,197.24047619047616,44.99857142857143
58,2005,11,2057.0,2942.2,15.5,40.2,1835.0500000000002,484.3,12.25,190.9557142857143,336.34190476190474,318.08238095238096,188.7657142857143,51.30476190476191
59,2005,12,2042.15,2916.8,16.2,41.6,1858.3,482.8,13.3,200.4414285714286,338.17333333333335,323.05667142857146,192.23714285714289,54.38
60,2006,1,2034.55,3001.6,15.850000000000001,43.1,1813.5,437.7,11.65,208.34250000000003,329.32711,326.38829499999997,240.95969,51.819
61,2006,2,1812.4,2713.9,14.399999999999999,37.3,1630.3,447.9,11.2,225.87315789473683,328.7142631578947,326.7812631578947,250.30463157894735,61.010000000000005
62,2006,3,2188.0,3098.5,18.0,45.3,1869.85,412.5,12.55,231.83739130434785,329.48869565217393,331.34952608695653,256.0334782608696,64.17391304347827
63,2006,4,1955.25,2774.4,16.549999999999997,40.5,1611.9,490.5,10.25,251.1284210526316,332.5026315789474,334.36116315789474,260.60105263157897,63.53421052631579
64,2006,5,2293.95,3158.6,15.850000000000001,45.4,1718.85,432.6,12.6,263.67045454545456,352.67545454545456,330.58259090909087,263.42,60.967954545454546
65,2006,6,2431.8999999999996,3046.9,14.100000000000001,46.3,1656.25,493.8,12.3,239.225,354.76454545454544,319.38365,256.30949545454547,52.52772727272727
66,2006,7,2200.75,2836.0,12.899999999999999,39.2,1546.35,509.0,11.1,241.226,366.6635,318.29095,245.781055,48.2925
67,2006,8,2434.95,3133.9,14.25,46.3,1771.5,456.9,12.7,239.12695652173915,367.3791304347826,324.82565217391306,239.22304347826088,44.81782608695652
68,2006,9,2155.0,2900.6,13.9,39.7,1745.75,501.0,11.95,248.6455,372.672,334.62728,255.0225,45.65
69,2006,10,2218.4,3185.1,15.3,44.0,1924.2,461.4,13.05,256.7286363636364,376.47947727272725,347.5080454545455,278.4227272727273,50.49636363636364
70,2006,11,2212.1499999999996,2912.3,15.100000000000001,40.6,1888.65,540.9,12.8,261.5966666666667,370.46,355.76457142857146,286.16785714285714,48.38190476190477
71,2006,12,2034.5,2737.8,15.05,36.9,1788.45,506.0,13.0,269.931,380.1595,361.1254,284.1305,46.2145
72,2007,1,2148.85,3029.8,14.75,39.5,1891.4,429.1,14.15,266.0275,379.6055,363.77728,285.55348,48.569
73,2007,2,1938.35,2667.9,14.15,36.3,1629.75,482.4,12.0,291.5778947368421,381.1042105263158,368.40344210526314,293.52474210526316,48.793684210526315
74,2007,3,2103.35,2927.8,19.3,39.5,1853.75,445.3,13.4,289.44409090909096,377.585,357.8031818181818,285.2259090909091,51.83364090909092
75,2007,4,2001.55,2885.4,14.65,38.6,1704.75,481.9,11.75,302.752,392.158,372.06245,297.2705,54.1075
76,2007,5,2271.1499999999996,3171.8,15.2,44.8,1755.9499999999998,463.1,12.2,324.4595454545455,392.8210181818182,386.08595454545457,311.7353409090909,51.42727272727273
77,2007,6,2335.15,3027.0,13.399999999999999,45.0,1647.65,511.2,11.1,339.51952380952383,384.8640476190476,388.2390238095238,305.00666666666666,52.99285714285714
78,2007,7,2242.6499999999996,3055.0,13.15,44.6,1652.2,507.2,10.6,353.45000000000005,384.6071428571429,392.9131904761904,275.4209142857143,50.05238095238095
79,2007,8,2436.1,3181.2,14.350000000000001,47.4,1841.8,505.2,10.2,347.85347826086957,376.4213043478261,377.8490000000001,282.2343434782609,47.64869565217391
80,2007,9,2080.7,2894.7,13.25,35.8,1738.55,522.2,9.25,375.5715789473685,381.94473684210527,389.120947368421,295.7752684210526,47.13368421052631
81,2007,10,2425.15,3383.8,15.95,47.6,2136.5,460.2,10.899999999999999,396.0604347826087,380.18260869565216,401.8675304347826,319.96447826086956,45.67913043478261
82,2007,11,2215.15,3033.2,15.75,41.0,2037.95,585.1,9.899999999999999,385.1242857142857,365.70809523809527,383.01057142857144,311.4452380952381,39.962380952380954
83,2007,12,2047.0500000000002,2901.4,14.95,38.1,1965.0500000000002,526.0,10.3,339.8415,383.182,386.647,320.29875999999996,38.172
84,2008,1,2216.05,3237.2,14.45,45.7,2151.25,460.8,11.15,323.4447619047619,367.4061904761905,357.6182857142857,279.22666666666663,32.47685714285714
85,2008,2,2024.1,2926.5,14.75,43.7,1895.6,546.4,10.9,320.13,365.814,351.01725,268.3854,39.4795
86,2008,3,2085.95,2981.6,15.7,45.1,1954.85,502.8,11.2,318.33535,369.5375,342.4157,263.303495,38.7495
87,2008,4,2239.95,3196.6,14.95,48.0,2008.05,487.0,11.8,352.2609090909091,375.1240909090909,356.4616363636364,279.3263636363636,37.412727272727274
88,2008,5,2365.6499999999996,3165.4,14.7,50.0,1808.6,519.2,11.35,358.12714285714287,372.84809523809525,366.0364761904762,265.9994095238095,33.832857142857144
89,2008,6,2248.8,3077.3,12.8,49.8,1754.85,518.9,11.6,347.22238095238095,334.7004761904762,350.21742857142857,254.42619047619047,32.13476190476191
90,2008,7,2356.75,3226.7,13.35,51.1,1844.95,522.0,12.2,312.9590909090909,314.0409090909091,328.21727272727276,232.79,31.882272727272724
91,2008,8,2252.8,3080.5,12.9,47.9,1795.9,546.0,11.1,319.11619047619047,328.1047619047619,337.5938095238095,239.26190476190476,41.111428571428576
92,2008,9,2254.45,3149.7,14.05,49.0,1967.9499999999998,506.9,12.65,283.957619047619,321.4447619047619,320.1252380952381,224.7895238095238,44.03857142857143
93,2008,10,2323.15,3270.6,14.6,50.6,2152.0,515.4,13.35,182.3695652173913,283.37608695652176,256.9957347826087,177.56478260869565,37.221739130434784
94,2008,11,1946.1999999999998,2662.7,12.5,38.6,1879.9,581.8,11.15,160.68,269.6363157894737,235.45805263157897,162.55473684210526,36.96157894736842
95,2008,12,2066.65,2931.5,14.95,39.8,2044.4499999999998,508.5,13.15,169.72909090909093,272.6890909090909,234.06068181818185,188.02772727272728,37.33863636363636
96,2009,1,2102.15,2871.6,13.05,38.3,2019.95,492.1,11.85,170.13,276.736,231.039395,190.159,33.7685
97,2009,2,1970.25,2704.3,12.45,37.1,1810.4,469.2,10.9,137.81947368421052,274.1326315789474,216.20063157894737,186.3763157894737,33.03
98,2009,3,2128.3,2997.0,15.600000000000001,42.5,1962.45,444.1,12.1,134.715,264.17045454545456,204.68481818181817,190.4568181818182,33.43863636363636
99,2009,4,2117.75,2997.7,15.1,43.8,1917.9,471.4,11.1,162.83809523809524,277.69952380952384,229.4336904761905,225.83428571428573,39.97714285714286
100,2009,5,2165.3500000000004,2890.4,12.65,40.6,1710.6999999999998,475.0,10.15,183.749,280.263,242.5132,229.0145,37.3865
101,2009,6,2274.55,3050.6,13.350000000000001,45.1,1840.95,451.0,11.35,190.27409090909092,298.6868181818182,250.95126818181816,235.63227272727272,40.32454545454545
102,2009,7,2257.25,3095.5,13.5,47.7,1821.3,493.7,10.75,187.21454545454543,308.66318181818184,254.12731818181817,238.16318181818184,45.765
103,2009,8,2169.8,3012.1,12.95,44.8,1861.2,485.6,10.45,220.2028571428571,311.31380952380954,273.88424285714285,245.4828571428571,46.95857142857143
104,2009,9,2218.25,3064.3,14.350000000000001,43.1,1994.25,463.4,11.55,223.34714285714284,313.2423809523809,283.35050476190474,247.78238095238095,47.48095238095238
105,2009,10,2257.45,3071.9,13.850000000000001,44.6,2081.3,467.9,12.05,223.11863636363637,318.79454545454547,289.0624909090909,246.15272727272728,49.67181818181818
106,2009,11,2002.1,2788.8,13.9,34.1,1915.0500000000002,508.3,11.6,229.178,322.55649999999997,295.9501,248.9575,47.486
107,2009,12,2118.45,2966.2,15.45,38.4,1977.4499999999998,477.5,12.95,239.46136363636364,333.0254545454546,303.13469090909086,253.49727272727273,51.31909090909091
108,2010,1,2066.45,2831.2,12.5,37.8,1803.75,456.3,11.45,239.3126315789474,334.71013684210527,306.3393684210526,266.54426315789476,52.153684210526315
109,2010,2,1941.2,2739.5,12.15,34.7,1751.25,424.2,10.6,230.1421052631579,340.2147368421053,297.8024315789474,278.2731578947368,52.56263157894737
110,2010,3,2195.95,3162.0,17.35,43.4,2032.6,425.4,12.05,254.89260869565217,363.0795652173913,315.4706565217391,301.44217391304346,58.30565217391304
111,2010,4,2125.0,3038.3,12.600000000000001,40.7,1842.5,490.0,10.95,272.60380952380956,364.0709523809523,327.98109523809524,332.40000000000003,66.7547619047619
112,2010,5,2073.95,3020.0,12.2,40.2,1615.0,455.1,9.95,256.1755,355.233,309.434995,335.417525,66.8385
113,2010,6,2305.4,3139.7,13.7,43.7,1825.2,438.8,10.55,248.05363636363637,326.13257272727276,298.45336363636363,341.5721590909091,64.98
114,2010,7,2216.95,3057.7,12.350000000000001,44.9,1696.0,489.5,10.8,254.39333333333332,315.7090476190476,297.4570047619047,332.77002380952376,66.86714285714285
115,2010,8,2272.55,3200.0,12.350000000000001,47.5,1808.1,466.9,11.05,259.0536363636364,315.1372727272727,299.6599545454545,345.93386363636364,69.48181818181818
116,2010,9,2237.1499999999996,3238.3,12.6,45.6,1875.65,481.1,11.15,274.9057142857143,322.0304761904762,360.98297142857143,376.26951904761904,41.07238095238095
117,2010,10,2218.1000000000004,3183.7,12.7,41.0,1995.75,467.1,11.2,295.7552380952381,328.1638095238095,377.5276333333333,403.729880952381,38.99619047619048
118,2010,11,2221.0,3124.4,13.95,40.3,2061.5,524.3,11.15,309.87428571428575,326.2142857142857,386.9602857142857,462.055,41.21476190476191
119,2010,12,2255.55,3175.0,14.45,44.1,2048.25,520.5,11.55,335.48636363636365,333.81238636363634,399.9447272727273,461.48556818181817,47.445454545454545
120,2011,1,2108.0,3127.5,10.95,39.8,1890.2,461.4,10.65,353.39300000000003,335.6175,411.823865,447.0175,47.989
121,2011,2,2007.25,2852.4,10.7,37.4,1762.1,463.0,10.35,373.8215789473685,329.4347368421053,424.25047368421053,479.3622368421052,52.31736842105263
122,2011,3,2251.45,3310.4,13.85,44.1,2047.25,435.6,11.95,374.21478260869566,328.88739130434783,418.3112782608696,484.7321739130435,54.81130434782609
123,2011,4,2039.3,2973.5,14.05,40.3,1784.65,503.1,10.1,391.238,347.033,428.42552,510.25087,62.027
124,2011,5,2118.65,3251.1,12.600000000000001,42.9,1753.5,455.6,10.15,374.07238095238097,345.7866666666667,431.9782047619047,525.6980952380952,60.576214285714286
125,2011,6,2361.05,3284.6,12.2,49.3,1813.55,496.4,11.1,344.35909090909087,337.0009090909091,414.64589545454544,534.4543181818182,62.54272727272728
126,2011,7,2122.35,3030.9,10.55,46.2,1631.1999999999998,519.3,10.0,364.8945,338.631,428.77195,591.4,68.9675
127,2011,8,2372.5,3330.3,12.7,49.9,1884.15,448.1,11.25,312.52608695652174,317.01217391304345,384.9718304347826,558.7400434782609,58.79826086956521
128,2011,9,2200.45,3180.4,11.45,47.0,1946.8000000000002,501.3,10.55,304.27,312.0009523809524,382.33315714285715,573.9021428571428,65.47047619047619
129,2011,10,2198.1499999999996,3096.8,11.35,43.4,2026.0,473.2,10.45,301.18857142857144,319.35547619047617,393.1614285714286,580.0328571428572,68.18047619047618
130,2011,11,2134.3,2907.1,12.2,39.8,2080.1499999999996,524.5,10.65,321.1314285714286,321.51761904761906,399.9630714285714,596.0195238095238,72.17619047619048
131,2011,12,2111.3500000000004,2857.5,12.15,41.4,2059.1,511.4,10.65,326.4733333333333,330.19714285714286,404.75748095238094,615.8426190476191,72.38095238095238
132,2012,1,2097.3999999999996,3091.8,11.85,43.2,1980.6999999999998,458.9,10.3,365.696,336.7805,422.9882,647.192,77.05199999999999
133,2012,2,1995.0500000000002,2953.6,12.05,38.8,1876.55,476.7,9.7,390.0155,338.8235,441.5974000000001,680.79975,83.726
134,2012,3,2146.4,3043.8,13.899999999999999,40.1,1981.4,466.8,9.85,382.7418181818182,340.0527272727273,453.1172272727273,720.9938636363636,87.95181818181818
135,2012,4,1977.3,2993.8,12.55,41.6,1835.5500000000002,502.1,9.75,383.38863,341.45799999999997,451.90671,741.0554999999999,96.38
136,2012,5,2219.15,3281.8,13.25,47.7,1920.35,478.0,10.25,363.23318181818183,349.91318181818184,437.3781818181818,711.6868636363636,96.35863636363636
137,2012,6,2238.25,3105.3,12.100000000000001,49.2,1744.5,519.9,8.8,345.6657142857143,349.4847619047619,430.8379333333333,693.7559523809524,86.97238095238096
138,2012,7,2189.1000000000004,3127.0,12.15,43.4,1715.3000000000002,506.6,9.35,362.3119047619048,349.7195238095238,441.2485285714286,647.3395238095238,83.37142857142857
139,2012,8,2353.6,3317.5,13.8,51.0,1990.55,497.2,10.0,364.3713043478261,350.0234782608696,455.7605652173914,587.705652173913,92.95
140,2012,9,2000.8,2927.1,12.15,43.7,1904.0500000000002,530.1,8.7,378.13894736842104,353.85894736842107,468.6870947368421,630.1132105263158,98.32736842105264
141,2012,10,2326.2,3335.5,13.8,43.8,2202.8,453.1,10.15,380.1890476190477,355.9561904761905,463.6342761904762,581.5527761904762,96.8202380952381
142,2012,11,2193.15,3008.5,12.05,37.7,2072.1499999999996,579.9,9.95,381.6680952380953,355.5495238095238,448.5809523809524,572.4695666666667,90.89380952380952
143,2012,12,2006.1999999999998,2853.7,12.350000000000001,36.3,1947.35,515.3,9.7,390.250425,366.118,457.76041,583.53701,86.6125
144,2013,1,2244.6000000000004,3267.1,12.05,46.6,2058.5,441.5,10.35,415.96809523809526,379.6023571428571,474.3508095238095,608.7056666666666,93.48476190476192
145,2013,2,1859.2,2877.6,11.2,39.2,1772.5500000000002,524.6,8.9,425.11368421052634,395.6723684210526,484.716,627.281052631579,102.88
146,2013,3,2026.05,2999.2,13.45,38.0,1926.2,461.7,9.1,430.25,411.46,497.476,650.37445,102.7945
147,2013,4,2114.85,3194.1,12.95,45.5,1934.85,472.7,9.0,403.5690909090909,421.0072727272727,503.1845,677.39,107.0909090909091
148,2013,5,2214.55,3270.1,13.95,46.2,1893.35,504.6,9.0,426.47,429.68963636363634,526.5365727272728,719.4975909090908,112.0109090909091
149,2013,6,2144.6,3002.0,12.35,42.9,1670.6999999999998,508.0,8.350000000000001,404.8125,423.57,521.412695,713.945,113.3214
150,2013,7,2281.2,3278.9,13.649999999999999,47.1,1833.6999999999998,473.4,9.5,410.52181818181816,446.3068181818182,537.0292272727272,749.1544545454544,120.17927272727272
151,2013,8,2228.3999999999996,3296.2,13.3,50.3,1931.25,514.5,8.9,409.9859090909091,454.06954545454545,539.0380636363636,764.9135454545454,120.78181818181817
152,2013,9,2060.45,3108.0,11.25,44.7,1836.5,485.0,8.5,429.911,442.475,545.925255,783.1824499999999,122.6033
153,2013,10,2301.0,3475.3,12.5,46.8,2161.85,440.6,9.8,425.44391304347823,444.4908695652174,575.7135217391304,839.1671739130435,68.40495652173914
154,2013,11,2044.25,2968.3,11.45,35.9,2034.4,518.1,9.0,431.4045,460.46125,656.64095,916.5028,72.373
155,2013,12,2033.1999999999998,3093.3,12.65,40.1,2059.65,479.3,9.75,446.46238095238095,468.8895238095238,668.5564238095238,902.297619047619,73.92671428571428
156,2014,1,2126.2,3185.1,12.05,43.2,2080.0,423.0,9.25,450.5990476190476,471.1571428571429,674.3651809523809,893.1407142857144,73.235
157,2014,2,1775.3000000000002,3015.0,11.25,39.7,1838.95,454.0,8.1,441.0547368421053,472.14947368421053,673.1464947368421,921.8576315789472,66.50157894736842
158,2014,3,1924.45,3098.6,12.899999999999999,41.5,1849.0500000000002,421.4,8.649999999999999,452.22,504.2704761904762,688.5479380952381,965.3869,72.03666666666666
159,2014,4,2030.3,3210.9,14.75,44.4,1905.2,457.1,8.350000000000001,467.8580952380953,504.3640476190476,682.175080952381,910.9709047619048,67.87761904761905
160,2014,5,2059.25,3201.2,13.45,45.9,1854.05,471.2,7.699999999999999,468.27,502.6757142857143,690.3213476190476,890.8747666666667,64.67666666666666
161,2014,6,2056.55,3205.6,12.9,43.5,1728.95,471.0,7.5,475.587619047619,502.7519047619048,711.9356095238095,969.02,64.03571428571429
162,2014,7,2074.1000000000004,3331.1,13.350000000000001,44.2,1794.05,486.0,7.75,460.045,504.6063636363636,721.4277636363636,1005.6772727272728,61.78681818181818
163,2014,8,2011.25,3197.6,11.149999999999999,45.9,1746.2,500.4,7.0,440.72428571428577,503.7338095238095,719.2980666666667,1049.9735714285714,63.162619047619046
164,2014,9,2054.7,3306.6,11.8,45.1,1865.95,483.8,7.15,422.87285714285713,516.52,732.141919047619,1041.8147619047618,62.36904761904762
165,2014,10,2154.85,3525.2,12.850000000000001,47.4,2120.05,493.5,7.699999999999999,406.27217391304345,519.7560869565217,710.7162565217392,1022.7565217391304,63.38347826086956
166,2014,11,1837.45,2939.9,11.05,36.1,1885.3000000000002,561.6,6.4,424.6426315789474,551.2578947368421,753.026847368421,1059.8965789473684,74.66631578947369
167,2014,12,1986.8000000000002,3348.5,13.0,44.3,2108.7,480.8,7.6,413.45454545454544,554.7679545454546,757.6051318181818,1110.1575757575756,77.67227272727273
168,2015,1,1949.85,3328.1,11.35,41.4,2099.0,474.9,6.75,391.858,561.75075,747.093915,1160.314,78.7105
169,2015,2,1756.35,3000.8,11.15,41.2,1939.9,492.3,6.25,403.50631578947366,564.416052631579,769.3701842105263,1151.3455263157894,85.13
170,2015,3,1920.25,3389.0,13.9,43.9,2105.45,434.5,6.85,407.2836363636364,560.2636363636364,772.4213636363637,1158.289318181818,86.57477272727273
171,2015,4,1916.35,3346.3,13.25,46.4,2060.95,501.9,6.55,413.4704761904762,569.8430952380952,776.3416666666667,1116.972142857143,87.74880952380951
172,2015,5,1914.05,3246.5,11.5,40.4,1856.6,496.6,6.55,419.14,573.9375,783.89701,1094.2965000000002,87.9105
173,2015,6,1989.6,3428.4,12.9,45.6,1990.2,434.0,6.95,419.06454545454545,587.8368181818182,781.4848863636363,1078.092045454545,90.3975
174,2015,7,2035.1,3468.7,12.350000000000001,44.6,1966.7,458.3,6.85,409.2977272727272,617.1090909090909,778.750759090909,1153.3227272727272,92.23045454545456
175,2015,8,1922.95,3417.5,11.149999999999999,42.9,1942.4499999999998,448.5,6.4,388.01761904761906,620.962619047619,756.3436285714286,1205.334523809524,90.0747619047619
176,2015,9,2073.3999999999996,3486.3,11.65,45.6,2029.0,450.3,6.75,353.09238095238095,619.8711904761905,723.0610714285714,1182.425238095238,84.71619047619048
177,2015,10,2111.4,3466.8,11.4,47.6,2162.35,452.3,7.15,350.4731818181818,678.2086363636364,751.1283272727273,1156.5045454545457,88.09409090909091
178,2015,11,1923.65,3135.4,11.350000000000001,38.8,2074.8500000000004,525.9,7.0,371.899,643.538,776.768305,1052.067,90.5175
179,2015,12,2033.4,3334.5,12.75,44.2,2200.85,470.7,7.75,362.52863636363634,664.825,767.7564181818182,1004.5875,87.19545454545454
180,2016,1,1940.95,3256.8,10.75,41.8,2078.45,461.2,6.65,340.64684210526315,636.3842105263158,711.3173421052632,902.8813157894738,83.55157894736843
181,2016,2,1872.85,3256.7,12.05,43.3,1994.8000000000002,476.5,6.05,356.766,627.1835,703.734715,950.914,84.139
182,2016,3,2083.4,3525.8,13.75,49.6,2138.5,454.6,6.300000000000001,390.75954545454545,639.4038636363637,747.7735,999.179090909091,88.67272727272727
183,2016,4,1951.9,3302.1,12.350000000000001,43.8,1994.25,503.9,5.95,398.7033333333333,634.2323809523809,767.9808333333333,967.8580952380952,91.2
184,2016,5,2017.95,3466.4,12.5,45.0,1942.95,484.8,5.9,403.2295238095238,615.6616666666666,761.5976904761905,949.6976190476192,94.04428571428572
185,2016,6,2180.85,3484.8,12.7,49.0,2007.75,500.0,6.35,415.9940909090909,609.6222727272727,768.2223181818183,913.2025,93.48954545454544
186,2016,7,2013.3000000000002,3246.2,10.95,43.7,1818.6,535.4,5.55,415.4455,658.5215000000001,792.3414849999999,936.003,92.1595
187,2016,8,2252.2,3637.3,12.0,53.0,2142.05,479.2,6.0,416.3860869565217,664.6543478260869,808.2103260869565,931.6330434782608,86.07369565217391
188,2016,9,2167.45,3454.8,11.5,47.3,2119.5,539.1,6.1,415.3371428571429,638.1838095238095,803.0045,946.297619047619,71.43476190476191
189,2016,10,2195.7,3417.1,11.2,44.6,2191.15,496.4,6.55,425.68857142857144,627.2928571428571,799.193180952381,935.9033333333334,65.83190476190477
190,2016,11,2227.85,3336.9,11.75,44.9,2234.25,517.9,6.6,453.2585714285715,627.2628571428572,809.7526952380953,920.8371428571428,70.69
191,2016,12,2160.05,3311.5,12.6,42.4,2202.75,514.7,6.699999999999999,488.2138095238096,635.272380952381,841.4067619047619,928.174761904762,76.47952380952381
192,2017,1,2104.5,3496.9,11.850000000000001,42.8,2148.45,478.8,6.25,490.5245,641.7489999999999,853.202175,953.361,75.50399999999999
193,2017,2,1920.3000000000002,3153.8,10.8,40.2,1981.9499999999998,498.8,5.55,501.77736842105264,656.4431578947368,877.7805368421052,991.313947368421,72.55684210526316
194,2017,3,2234.95,3582.2,13.2,45.2,2261.1,458.4,6.35,501.258695652174,672.2867391304347,892.9860086956521,993.4360869565216,70.64956521739131
195,2017,4,1950.0,3216.3,10.95,39.8,1982.5500000000002,530.6,5.75,505.2315789473684,691.8221052631579,891.4068421052631,1055.6568421052632,66.08631578947367
196,2017,5,2149.55,3647.9,11.15,45.9,2089.8500000000004,436.2,6.199999999999999,526.0259090909092,688.5063636363636,910.0895454545456,1117.7611363636363,58.59363636363637
197,2017,6,2267.45,3542.5,11.850000000000001,49.2,2047.6999999999998,523.2,6.25,547.5745454545454,716.580909090909,925.0572727272728,1113.26,54.78090909090909
198,2017,7,2096.05,3357.6,10.45,43.1,1859.0500000000002,522.2,5.6,563.4665,702.4585,933.2995,1035.4515,52.61900000000001
199,2017,8,2387.8999999999996,3763.6,12.25,50.7,2203.3,467.5,6.300000000000001,557.055652173913,696.7465217391305,938.6697826086956,957.4634782608696,56.09869565217391
200,2017,9,2210.3,3429.9,10.7,43.7,2158.05,543.1,6.0,574.041,690.8015,952.5465,951.333,61.548
201,2017,10,2286.55,3709.5,11.4,48.3,2309.5,467.9,6.300000000000001,612.75,703.5570454545455,979.4472727272728,955.5436363636364,59.70863636363636
202,2017,11,2278.2,3437.3,11.9,45.4,2239.15,554.2,6.35,633.9890476190476,703.2292857142858,1000.4761904761904,923.9866666666668,63.10285714285715
203,2017,12,2135.7,3324.8,12.3,41.2,2229.55,517.2,6.5,667.268,741.498,1027.59,974.0365,70.2995
204,2018,1,2263.7,3639.0,12.2,42.9,2284.3999999999996,461.1,6.55,702.1609523809524,717.9552380952381,1077.7157142857145,1027.4452380952382,79.13
205,2018,2,1970.15,3256.7,11.25,38.8,2052.6,509.5,5.699999999999999,668.6663157894736,664.1884210526316,1049.372105263158,979.8863157894737,66.80736842105263
206,2018,3,2189.1,3489.7,13.7,42.8,2291.0,460.3,6.0,646.5557142857143,651.5509523809524,1050.9480952380952,1012.6261904761903,62.72857142857143
207,2018,4,2103.55,3456.3,12.0,42.9,2136.65,481.7,6.0,627.4285714285714,629.8838095238095,1029.2171428571428,1042.960476190476,61.535714285714285
208,2018,5,2293.45,3738.0,13.1,46.8,2169.2,481.7,6.300000000000001,619.699090909091,578.6718181818183,1052.0025409090908,1142.1813636363636,70.74818181818182
209,2018,6,2287.9,3492.8,11.8,49.1,2003.65,510.1,5.75,613.4542857142857,582.6833333333334,1076.484761904762,1205.3,76.18333333333332
210,2018,7,2218.7,3629.5,11.55,48.3,1979.7,485.4,6.05,584.5866666666667,592.2733333333333,1089.2061904761904,1204.6971428571428,78.0047619047619
211,2018,8,2415.6,3892.3,12.7,53.6,2309.4,485.7,6.4,589.9982608695652,626.8804347826086,1114.388260869565,1267.5765217391304,82.58130434782609
212,2018,9,2143.3,3417.9,10.75,42.1,2006.65,517.0,5.95,601.8721052631579,650.5921052631579,1132.8105263157895,1267.152105263158,89.71842105263157
213,2018,10,2413.1499999999996,3909.0,12.5,50.9,2443.55,428.2,7.1,565.2282608695652,628.908695652174,1084.5534782608695,1206.186086956522,88.42826086956521
214,2018,11,2301.85,3450.7,12.350000000000001,44.5,2342.7,572.9,6.65,555.3199999999999,665.2142857142858,1058.9004761904762,1265.9309523809525,93.22238095238096
215,2018,12,2103.7,3228.7,12.55,36.8,2226.3,497.4,6.4,529.3436842105264,642.7647368421053,998.2242105263158,1199.7610526315789,87.24631578947368
216,2019,1,2294.1499999999996,3711.3,11.95,45.7,2368.2,448.1,6.45,561.3280952380952,642.8995238095238,1014.0757142857142,1283.5485714285714,86.40333333333334
217,2019,2,1973.9499999999998,3263.1,10.6,39.2,2162.4,510.5,6.05,597.0842105263158,682.1489473684211,1075.7784157894737,1393.3352631578948,94.02315789473684
218,2019,3,2103.55,3409.8,12.55,41.7,2291.7,458.2,5.699999999999999,602.8604761904762,734.5880952380952,1094.1242857142856,1444.2619047619048,92.59714285714286
219,2019,4,2247.85,3590.1,14.45,42.6,2263.45,477.5,5.95,618.8261904761905,804.364761904762,1133.31,1534.0219047619048,102.3009523809524
220,2019,5,2314.45,3827.9,12.8,46.1,2213.9,483.6,6.25,576.7509090909091,854.5722727272728,1111.7004545454547,1557.9945454545457,101.41409090909092
221,2019,6,2213.3999999999996,3526.6,10.850000000000001,45.0,2123.05,492.4,5.65,585.4784999999999,842.755,1124.427,1600.823,106.4045
222,2019,7,2347.95,3875.3,11.35,40.8,2204.95,474.7,6.25,616.2904545454545,848.7109090909091,1166.8136363636363,1652.090909090909,110.95363636363636
223,2019,8,2359.95,3845.9,11.899999999999999,49.2,2251.55,491.6,5.9,591.4154545454545,902.2981818181818,1127.3631818181818,1695.2872727272727,102.75136363636364
224,2019,9,2174.6,3680.5,10.3,47.4,2231.25,501.0,6.0,632.773,874.239,1159.4825,1700.4115,96.3345
225,2019,10,2421.6000000000004,4100.1,12.15,46.5,2599.9,460.8,7.0,638.7691304347827,849.5039130434782,1155.0991304347826,1671.9269565217392,93.81521739130434
226,2019,11,2284.4,3427.1,10.75,42.5,2423.8,551.3,6.0,666.2335,836.1339999999999,1208.6365,1625.548,96.4205
227,2019,12,2252.1499999999996,3647.3,11.55,41.8,2437.95,469.2,6.45,670.0090476190476,859.4690476190476,1235.6571428571428,1700.2300000000002,94.57761904761904
228,2020,1,2372.6000000000004,3957.1,11.4,46.6,2548.2,446.7,6.300000000000001,675.142380952381,862.1509523809524,1275.7590476190476,1757.402142857143,92.3752380952381
229,2020,2,2117.75,3418.5,10.2,41.6,2301.6000000000004,514.9,5.05,643.2215789473684,841.1363157894737,1280.4794736842105,1792.695789473684,95.68263157894737
230,2020,3,2395.2,3862.1,11.8,47.1,2560.85,446.7,5.699999999999999,500.1281818181818,705.9768181818182,1037.2381818181818,1406.6777272727272,82.01590909090909
231,2020,4,1799.65,3600.3,10.5,46.1,2025.5,507.0,4.699999999999999,511.5647619047619,755.9928571428571,1084.2728571428572,1588.8195238095238,92.66428571428573
232,2020,5,1846.6,3560.1,11.95,43.7,1873.15,441.3,5.1,509.233,757.6579999999999,1157.362,1815.707,109.415
233,2020,6,2355.2,3780.0,11.9,46.5,2393.5,427.5,5.5,563.3554545454546,764.2072727272728,1239.5736363636363,1928.1395454545457,125.26136363636364
234,2020,7,2403.85,3745.8,11.399999999999999,49.7,2364.8500000000004,500.7,5.699999999999999,589.8690909090909,766.2825,1286.415909090909,2026.14,140.32227272727275
235,2020,8,2316.8,3733.9,10.2,48.1,2333.9,505.1,4.9,650.3019047619048,829.3764285714286,1365.7627761904762,2159.850476190476,150.0990476190476
236,2020,9,2335.9,3878.4,10.15,48.5,2329.25,474.9,4.800000000000001,678.3947619047619,803.1035714285714,1354.5149428571428,2243.5588095238095,140.78595238095238
237,2020,10,2453.05,3848.9,9.899999999999999,49.0,2592.2,473.8,5.25,735.9749999999999,799.2543181818182,1378.649359090909,2284.7925,144.0981818181818
238,2020,11,2249.8,3478.1,10.0,40.0,2400.6499999999996,522.8,4.800000000000001,816.413,821.3495,1430.4936,2261.725,133.788
239,2020,12,2309.6000000000004,3720.2,11.35,42.5,2504.8500000000004,458.1,5.55,855.2795454545455,838.4938636363636,1500.7297454545455,2372.8063636363636,141.36
240,2021,1,2291.1000000000004,3613.0,9.95,40.8,2471.8999999999996,470.3,4.55,957.4636842105264,829.7715789473684,1546.093157894737,2430.630789473684,150.92526315789473
241,2021,2,2089.1499999999996,3270.8,10.25,39.8,2260.35,447.1,4.65,1031.5094736842104,837.5952631578947,1589.353947368421,2488.9868421052633,157.99052631578948
242,2021,3,2460.25,4009.5,13.35,46.3,2542.5,420.6,4.800000000000001,1136.6252173913044,874.5163043478261,1584.0352217391303,2445.1567391304347,167.92347826086956
243,2021,4,2327.95,3696.7,12.8,44.8,2338.4,521.9,4.199999999999999,1168.9538095238097,913.2490476190476,1275.2547619047618,2591.701904761905,182.4595238095238
244,2021,5,2193.55,3611.6,10.3,44.9,2064.95,460.6,3.55,1179.7765,969.87675,1193.823,2494.949,187.2385
245,2021,6,2380.35,3923.6,10.65,50.3,2249.05,451.0,4.05,1105.6022727272727,1048.1972727272728,1210.1570454545456,2547.2204545454547,180.44590909090908
246,2021,7,2301.6,3750.4,10.0,48.0,2044.45,487.5,3.8499999999999996,1082.2685714285717,1028.692857142857,1240.0019047619048,2875.83,185.4790476190476
247,2021,8,2342.3,3902.0,9.55,47.0,2207.85,458.6,4.25,1127.0790909090908,1033.7186363636365,1263.5159090909092,3128.442727272727,191.5731818181818
248,2021,9,2279.85,3928.5,9.95,45.8,2259.8,474.2,4.35,1092.0538095238094,1021.0385714285716,1257.3985714285714,3116.970476190476,204.58428571428573
249,2021,10,2344.2,3827.8,10.75,44.3,2366.05,470.5,4.5,1062.7580952380952,1043.6038095238096,1261.9742857142855,2996.4966666666664,201.98
250,2021,11,2361.45,3665.3,11.5,40.6,2403.3,485.5,4.55,1104.0804761904762,1159.5709523809523,1314.1566666666668,3005.341904761905,222.9171428571429
251,2021,12,2344.65,3700.1,11.1,44.7,2398.95,453.3,5.199999999999999,1078.1190909090908,1252.3554545454544,1312.316240909091,2972.8095454545455,230.89772727272728
252,2022,1,2247.65,3690.3,9.4,42.6,2275.45,427.6,4.55,1111.331,1306.805,1286.159,2686.9225,221.823
253,2022,2,2232.1499999999996,3484.5,8.649999999999999,42.6,2163.5,443.0,4.15,1062.9594736842105,1269.0573684210526,1250.165789473684,2642.2073684210527,213.35631578947368
254,2022,3,2485.6499999999996,3995.0,11.8,49.5,2450.7,422.9,4.85,1139.5465217391304,1197.7113043478262,1234.845652173913,2559.4878260869564,226.73391304347825
255,2022,4,2308.1,3564.9,11.55,43.5,2196.65,507.8,4.45,1165.563,1255.2565,1235.716,2593.146,221.287
256,2022,5,2269.5,3778.9,10.2,47.4,2176.75,420.3,4.35,1078.6361904761904,1264.3066666666666,1144.327619047619,2301.3816666666667,193.62238095238095
257,2022,6,2435.55,3934.9,10.85,52.4,2250.35,412.8,4.55,1015.1209523809524,1286.8933333333334,1106.7280952380952,2313.7214285714285,195.8057142857143
258,2022,7,2231.1000000000004,3684.8,9.65,45.7,1965.55,442.3,4.05,952.453,1269.3135,1109.326,2399.062,197.91
259,2022,8,2486.45,4211.0,11.0,55.3,2297.45,393.9,4.6,1090.3778260869565,1271.7904347826086,1176.263043478261,2705.3891304347826,195.13826086956524
260,2022,9,2370.35,4000.5,10.2,50.7,2253.55,449.2,4.25,1046.1695238095238,1170.039523809524,1089.4495238095235,2638.6428571428573,191.03047619047615
261,2022,10,2383.7,4068.5,9.75,48.2,2332.3500000000004,420.6,4.45,1117.33,1184.8233333333333,1061.1190476190477,2494.68,203.53428571428572
262,2022,11,2404.8,3940.9,10.55,45.4,2345.55,467.3,4.45,1256.832380952381,1235.3995238095238,1127.9938095238097,2566.205238095238,215.8461904761905
263,2022,12,2209.6499999999996,3851.6,10.4,46.0,2225.25,428.2,4.45,1297.513333333333,1277.5230952380953,1126.9238095238095,2574.7971428571427,217.72904761904763
264,2023,1,2306.0,3971.9,9.7,46.5,2420.45,414.2,4.35,1307.964,1228.4015,1137.061,2598.049,219.4285
265,2023,2,2075.8,3585.0,9.7,43.8,2152.65,445.2,3.75,1295.8,1266.4913157894737,1163.883157894737,2689.003421052631,233.76157894736843
266,2023,3,2386.05,3992.2,12.2,51.9,2483.25,419.2,4.15,1271.6773913043478,1264.682608695652,1130.9278260869564,2635.1917391304346,229.85434782608695
267,2023,4,2052.1,3545.0,10.35,44.0,2114.8500000000004,483.9,3.55,1219.3278947368422,1320.272105263158,1173.138947368421,2893.061578947368,241.1836842105263
268,2023,5,2287.55,4043.4,10.65,52.7,2266.3500000000004,428.7,4.15,1175.331818181818,1416.0045454545457,1176.2736363636363,3148.359090909091,229.86454545454544
269,2023,6,2317.85,3956.3,10.2,52.9,2196.75,487.9,3.8499999999999996,1239.6504761904762,1401.347142857143,1224.9299999999998,3162.3842857142854,217.3409523809524
270,2023,7,2092.55,3717.2,8.8,50.9,2001.8,493.7,3.7,1297.6525,1371.7777500000002,1265.335,3243.0235,217.561
271,2023,8,2346.5,4156.7,9.7,51.1,2288.7,433.5,4.15,1258.8804347826087,1404.358695652174,1256.5834782608697,3042.158043478261,220.44652173913045
272,2023,9,2132.0,3805.5,9.399999999999999,48.4,2180.85,489.2,3.55,1226.0495,1327.85,1241.7795,3025.115,211.293
273,2023,10,2320.8500000000004,4177.3,10.55,50.6,2412.35,431.2,4.1,1159.85,1259.2445454545457,1201.8897727272729,2885.0672727272727,200.27636363636364
274,2023,11,2264.1000000000004,3817.3,10.649999999999999,44.5,2382.8,500.3,4.199999999999999,1130.9066666666663,1323.555,1256.4066666666668,3256.752380952381,199.4402380952381
275,2023,12,2174.3500000000004,3615.0,10.1,41.5,2337.2,449.2,3.8,1213.793,1483.3004999999998,1325.0215,3455.466,213.6335
