Date,Households,Persons,Benefit / Households,Benefit / Persons,Cost,State
1988-10-01,7047600.0,18446735.0,136.3995,52.1116,961288970.0,US Summary
1988-11-01,7067674.0,18434600.0,135.4848,51.9437,957562138.0,US Summary
1988-12-01,7159716.0,18709788.0,136.5145,52.2403,977404835.0,US Summary
1989-01-01,7215717.0,18814591.0,134.6671,51.6471,971719598.0,US Summary
1989-02-01,7215334.0,18805348.0,135.2913,51.9093,976171875.0,US Summary
1989-03-01,7364011.0,19188889.0,136.6334,52.435,1006169494.0,US Summary
1989-04-01,7313190.0,19036458.0,134.3907,51.6285,982824374.0,US Summary
1989-05-01,7271382.0,18858178.0,133.3553,51.4195,969677318.0,US Summary
1989-06-01,7273655.0,18856665.0,133.2974,51.4173,969559542.0,US Summary
1989-07-01,7217942.0,18696508.0,133.0168,51.3522,960107653.0,US Summary
1989-08-01,7273683.0,18784944.0,132.516,51.3113,963879454.0,US Summary
1989-09-01,7353057.0,19044857.0,132.3822,51.1116,973413984.0,US Summary
1989-10-01,7530570.0,19523488.0,157.5994,60.789,1186813542.0,US Summary
1989-11-01,7472567.0,19256464.0,153.0563,59.3943,1143723598.0,US Summary
1989-12-01,7549452.0,19461401.0,153.9371,59.7152,1162140657.0,US Summary
1990-01-01,7703464.0,19848748.0,151.0289,58.6156,1163446041.0,US Summary
1990-02-01,7755082.0,19958037.0,151.0595,58.6971,1171479164.0,US Summary
1990-03-01,7928492.0,20414960.0,151.38,58.7909,1200214839.0,US Summary
1990-04-01,7914472.0,20370671.0,150.3469,58.4132,1189916723.0,US Summary
1990-05-01,7910731.0,20290045.0,148.9738,58.0823,1178491993.0,US Summary
1990-06-01,7930300.0,20382828.0,149.1245,58.0195,1182601771.0,US Summary
1990-07-01,7926752.0,20320763.0,148.923,58.0921,1180475682.0,US Summary
1990-08-01,7940486.0,20301533.0,149.9332,58.643,1190542867.0,US Summary
1990-09-01,7987188.0,20458793.0,149.3572,58.3096,1192944183.0,US Summary
1990-10-01,8190859.0,20928991.0,163.7309,64.0784,1341096553.0,US Summary
1990-11-01,8333283.0,21294125.0,163.1462,63.8459,1359543393.0,US Summary
1990-12-01,8478766.0,21686672.0,163.6622,63.9865,1387653903.0,US Summary
1991-01-01,8618472.0,21980958.0,161.9147,63.4848,1395457397.0,US Summary
1991-02-01,8807293.0,22496484.0,162.569,63.6452,1431792659.0,US Summary
1991-03-01,8987744.0,22945164.0,163.6161,64.0893,1470539193.0,US Summary
1991-04-01,9099268.0,23207931.0,162.8957,63.8675,1482231574.0,US Summary
1991-05-01,9099447.0,23148421.0,161.7491,63.5822,1471827345.0,US Summary
1991-06-01,9119030.0,23247989.0,161.507,63.3512,1472786953.0,US Summary
1991-07-01,9155090.0,23215673.0,161.4125,63.6529,1477745820.0,US Summary
1991-08-01,9303031.0,23663074.0,162.0312,63.7018,1507380893.0,US Summary
1991-09-01,9336932.0,23680042.0,162.5498,64.0926,1517716385.0,US Summary
1991-10-01,9507747.0,24055568.0,175.3902,69.3214,1667565318.0,US Summary
1991-11-01,9646968.0,24437847.0,175.8086,69.4014,1696019721.0,US Summary
1991-12-01,9818276.0,24854461.0,175.4605,69.3123,1722719781.0,US Summary
1992-01-01,9949438.0,25102189.0,172.1717,68.2415,1713011320.0,US Summary
1992-02-01,10033543.0,25385468.0,173.932,68.7462,1745154602.0,US Summary
1992-03-01,10195482.0,25722405.0,171.7616,68.0804,1751192074.0,US Summary
1992-04-01,10237594.0,25875570.0,171.5176,67.8605,1755927843.0,US Summary
1992-05-01,10167827.0,25694638.0,171.1654,67.7332,1740380673.0,US Summary
1992-06-01,10216373.0,25748466.0,171.2789,67.9593,1749848975.0,US Summary
1992-07-01,10225574.0,25698933.0,170.8264,67.9716,1746797552.0,US Summary
1992-08-01,10268312.0,25862454.0,171.6836,68.1645,1762901052.0,US Summary
1992-09-01,10456556.0,26445826.0,177.3207,70.1118,1854164021.0,US Summary
1992-10-01,10475798.0,26223472.0,173.6038,69.3516,1818638850.0,US Summary
1992-11-01,10520692.0,26393793.0,171.2309,68.2535,1801468078.0,US Summary
1992-12-01,10641102.0,26627009.0,171.988,68.7325,1830141915.0,US Summary
1993-01-01,10718200.0,26857336.0,169.5566,67.6665,1817341586.0,US Summary
1993-02-01,10745439.0,26918029.0,170.7212,68.1504,1834473777.0,US Summary
1993-03-01,10944053.0,27386320.0,170.8578,68.2778,1869876721.0,US Summary
1993-04-01,10930446.0,27366950.0,169.7165,67.7853,1855077268.0,US Summary
1993-05-01,10901101.0,27272406.0,168.7299,67.4433,1839342155.0,US Summary
1993-06-01,10898687.0,27195390.0,167.5268,67.1372,1825822609.0,US Summary
1993-07-01,10911052.0,27288566.0,169.0439,67.5905,1844446845.0,US Summary
1993-08-01,10909152.0,27215012.0,168.5413,67.5599,1838642428.0,US Summary
1993-09-01,10887234.0,27097011.0,168.1565,67.5631,1830758939.0,US Summary
1993-10-01,10940110.0,27207775.0,172.932,69.5351,1891895456.0,US Summary
1993-11-01,10996174.0,27343082.0,172.2895,69.2872,1894525368.0,US Summary
1993-12-01,11045811.0,27446313.0,172.4352,69.3968,1904686468.0,US Summary
1994-01-01,11166553.0,27687318.0,171.7369,69.2631,1917709549.0,US Summary
1994-02-01,11291136.0,27843411.0,170.9368,69.3187,1930070263.0,US Summary
1994-03-01,11278851.0,27969969.0,171.5983,69.1968,1935431328.0,US Summary
1994-04-01,11173821.0,27718861.0,170.6224,68.78,1906503970.0,US Summary
1994-05-01,11119488.0,27520328.0,169.0851,68.3182,1880140274.0,US Summary
1994-06-01,11064817.0,27384252.0,168.5935,68.1215,1865456352.0,US Summary
1994-07-01,11027993.0,27313426.0,171.0356,69.0569,1886179453.0,US Summary
1994-08-01,11020415.0,27216765.0,169.6918,68.7104,1870074198.0,US Summary
1994-09-01,10969429.0,27032856.0,170.1003,69.0235,1865903661.0,US Summary
1994-10-01,11006043.0,27064638.0,177.1257,72.0295,1949453440.0,US Summary
1994-11-01,10960182.0,26891997.0,176.5075,71.9379,1934554800.0,US Summary
1994-12-01,11044059.0,27112215.0,176.7969,72.0175,1952555065.0,US Summary
1995-01-01,11043875.0,27066207.0,174.7091,71.2869,1929465314.0,US Summary
1995-02-01,10935792.0,26766762.0,174.2054,71.1731,1905074490.0,US Summary
1995-03-01,11080246.0,27101343.0,175.1205,71.5971,1940378677.0,US Summary
1995-04-01,10912392.0,26707357.0,173.4022,70.8506,1892232253.0,US Summary
1995-05-01,10835132.0,26458491.0,172.5571,70.6646,1869679293.0,US Summary
1995-06-01,10774488.0,26325055.0,172.452,70.5823,1858081956.0,US Summary
1995-07-01,10659183.0,26042197.0,172.4303,70.5765,1837965953.0,US Summary
1995-08-01,10664033.0,25995326.0,173.1515,71.0318,1846493744.0,US Summary
1995-09-01,10636974.0,25893686.0,173.746,71.3738,1848131872.0,US Summary
1995-10-01,10674284.0,26015906.0,176.5548,72.4402,1884596331.0,US Summary
1995-11-01,10609644.0,25857801.0,178.1452,73.0943,1890056891.0,US Summary
1995-12-01,10673816.0,25880962.0,177.8197,73.3363,1898014748.0,US Summary
1996-01-01,10688443.0,25899749.0,178.1701,73.5281,1904360481.0,US Summary
1996-02-01,10672295.0,25818291.0,178.2817,73.6948,1902674557.0,US Summary
1996-03-01,10695376.0,25885340.0,178.6283,73.8061,1910496638.0,US Summary
1996-04-01,10619593.0,25643720.0,177.2606,73.4073,1882435002.0,US Summary
1996-05-01,10572935.0,25556902.0,176.2585,72.9185,1863570021.0,US Summary
1996-06-01,10394291.0,25183399.0,176.2357,72.7402,1831845064.0,US Summary
1996-07-01,10354578.0,24968781.0,175.5085,72.7835,1817315955.0,US Summary
1996-08-01,10330444.0,24932297.0,176.4525,73.1113,1822833003.0,US Summary
1996-09-01,10301253.0,24867226.0,177.8337,73.6676,1831909676.0,US Summary
1996-10-01,10147551.0,24400846.0,176.219,73.284,1788191518.0,US Summary
1996-11-01,10026170.0,24139445.0,174.0755,72.3012,1745310916.0,US Summary
1996-12-01,9938870.0,23920683.0,173.8791,72.2455,1728161403.0,US Summary
1997-01-01,9836683.0,23694285.0,172.3021,71.5312,1694881223.0,US Summary
1997-02-01,9716829.0,23475445.0,172.8387,71.5405,1679444461.0,US Summary
1997-03-01,9570232.0,23173789.0,173.2605,71.5525,1658142763.0,US Summary
1997-04-01,9368502.0,22723781.0,172.3155,71.0418,1614338568.0,US Summary
1997-05-01,9217445.0,22411827.0,171.8522,70.6787,1584037813.0,US Summary
1997-06-01,9104253.0,22140575.0,170.4651,70.0956,1551957458.0,US Summary
1997-07-01,8949198.0,21680584.0,169.6407,70.0234,1518148091.0,US Summary
1997-08-01,8893080.0,21544651.0,170.1315,70.2259,1512993445.0,US Summary
1997-09-01,8687645.0,20991727.0,169.5805,70.1826,1473255017.0,US Summary
1997-10-01,8658521.0,20799556.0,171.3064,71.3121,1483259674.0,US Summary
1997-11-01,8535541.0,20607139.0,172.061,71.2682,1468633970.0,US Summary
1997-12-01,8514300.0,20517163.0,173.0898,71.8295,1473738548.0,US Summary
1998-01-01,8461175.0,20370391.0,171.5702,71.2645,1451685195.0,US Summary
1998-02-01,8353555.0,20047459.0,172.2311,71.7668,1438742148.0,US Summary
1998-03-01,8346357.0,20037929.0,171.8307,71.5723,1434160397.0,US Summary
1998-04-01,8234328.0,19708896.0,171.0225,71.4528,1408255488.0,US Summary
1998-05-01,8139830.0,19495898.0,169.5308,70.7817,1379951840.0,US Summary
1998-06-01,8055041.0,19289319.0,169.3367,70.7134,1364013937.0,US Summary
1998-07-01,7960377.0,19029374.0,168.5433,70.5051,1341668420.0,US Summary
1998-08-01,7916478.0,18910497.0,167.9707,70.3174,1329736270.0,US Summary
1998-09-01,7820391.0,18678193.0,168.36,70.4908,1316641204.0,US Summary
1998-10-01,7858938.0,18781505.0,175.5445,73.4549,1379592963.0,US Summary
1998-11-01,7837813.0,18647789.0,171.6053,72.1271,1345010102.0,US Summary
1998-12-01,7832324.0,18617087.0,172.1064,72.4062,1347993304.0,US Summary
1999-01-01,7778282.0,18483171.0,170.1385,71.5995,1323385330.0,US Summary
1999-02-01,7702620.0,18278318.0,172.3593,72.6335,1327617812.0,US Summary
1999-03-01,7740513.0,18354465.0,173.8259,73.3065,1345501546.0,US Summary
1999-04-01,7641166.0,18100816.0,171.6475,72.4601,1311587240.0,US Summary
1999-05-01,7573372.0,17947632.0,170.7147,72.0366,1292885682.0,US Summary
1999-06-01,7542885.0,17835831.0,168.9842,71.4645,1274628138.0,US Summary
1999-07-01,7503175.0,17723939.0,169.003,71.545,1268058861.0,US Summary
1999-08-01,7494778.0,17694898.0,168.5269,71.3806,1263071717.0,US Summary
1999-09-01,7515906.0,17725004.0,171.6445,72.7822,1290064075.0,US Summary
1999-10-01,7440094.0,17530703.0,173.1367,73.4799,1288153593.0,US Summary
1999-11-01,7440916.0,17538216.0,171.7558,72.8706,1278020541.0,US Summary
1999-12-01,7453186.0,17445538.0,172.1532,73.5483,1283089864.0,US Summary
2000-01-01,7399539.0,17323336.0,167.7051,71.6341,1240940740.0,US Summary
2000-02-01,7359951.0,17191024.0,169.6785,72.644,1248825542.0,US Summary
2000-03-01,7393964.0,17285182.0,170.9308,73.1179,1263856246.0,US Summary
2000-04-01,7310720.0,17040733.0,169.7603,72.8296,1241069845.0,US Summary
2000-05-01,7294217.0,17018465.0,168.4687,72.2067,1228847290.0,US Summary
2000-06-01,7303386.0,17045814.0,168.4699,72.182,1230400932.0,US Summary
2000-07-01,7247496.0,16895039.0,167.7911,71.9777,1216065478.0,US Summary
2000-08-01,7281653.0,17004637.0,169.1698,72.4412,1231836095.0,US Summary
2000-09-01,7290672.0,17013325.0,169.0122,72.4263,1232212614.0,US Summary
2000-10-01,7315539.0,17061834.0,172.7429,74.0663,1263707406.0,US Summary
2000-11-01,7339091.0,17092424.0,171.6283,73.6932,1259595346.0,US Summary
2000-12-01,7382771.0,17175724.0,172.5168,74.1542,1273651827.0,US Summary
2001-01-01,7432508.0,17298136.0,171.9677,73.8895,1278151159.0,US Summary
2001-02-01,7300348.0,16954558.0,172.0163,74.0673,1255779048.0,US Summary
2001-03-01,7429444.0,17249899.0,175.5552,75.6107,1304277185.0,US Summary
2001-04-01,7389934.0,17139964.0,173.8956,74.9755,1285076970.0,US Summary
2001-05-01,7435392.0,17243514.0,174.9042,75.4186,1300481178.0,US Summary
2001-06-01,7510639.0,17457195.0,174.8103,75.2089,1312936823.0,US Summary
2001-07-01,7548735.0,17531585.0,175.1509,75.4163,1322167499.0,US Summary
2001-08-01,7639031.0,17758492.0,175.6343,75.5512,1341676078.0,US Summary
2001-09-01,7666441.0,17858172.0,176.0777,75.5894,1349889319.0,US Summary
2001-10-01,7820035.0,18176710.0,186.8011,80.3661,1460791040.0,US Summary
2001-11-01,7937197.0,18499920.0,186.3432,79.9486,1479042564.0,US Summary
2001-12-01,8030996.0,18745920.0,186.7985,80.0269,1500177891.0,US Summary
2002-01-01,8126128.0,18918120.0,185.643,79.7415,1508559099.0,US Summary
2002-02-01,8165398.0,19018508.0,185.8697,79.8012,1517699803.0,US Summary
2002-03-01,8253742.0,19216647.0,186.6549,80.1701,1540601470.0,US Summary
2002-04-01,8242691.0,19166625.0,185.5358,79.7905,1529313903.0,US Summary
2002-05-01,8279311.0,19330632.0,184.3225,78.9453,1526062967.0,US Summary
2002-06-01,8283958.0,19311119.0,184.44,79.1199,1527893107.0,US Summary
2002-07-01,8282626.0,19291561.0,185.7325,79.7423,1538353042.0,US Summary
2002-08-01,8429072.0,19686984.0,185.4005,79.3801,1562754183.0,US Summary
2002-09-01,8485794.0,19784894.0,184.4206,79.0985,1564955180.0,US Summary
2002-10-01,8656415.0,20124679.0,194.8767,83.8241,1686933693.0,US Summary
2002-11-01,8756175.0,20329250.0,192.6927,82.9962,1687251239.0,US Summary
2002-12-01,8866917.0,20551678.0,194.474,83.9048,1724384681.0,US Summary
2003-01-01,8957484.0,20704912.0,191.5569,82.8725,1715867812.0,US Summary
2003-02-01,8988206.0,20740976.0,192.9015,83.5948,1733838267.0,US Summary
2003-03-01,9106359.0,21009256.0,193.272,83.7728,1760004574.0,US Summary
2003-04-01,9151151.0,21249129.0,194.26,83.66,1777702359.0,US Summary
2003-05-01,9254449.0,21529923.0,195.6081,84.0804,1810245197.0,US Summary
2003-06-01,9354685.0,21760617.0,194.6508,83.6785,1820896555.0,US Summary
2003-07-01,9451357.0,22005076.0,196.1357,84.2419,1853748892.0,US Summary
2003-08-01,9573448.0,22324542.0,198.7309,85.2219,1902540223.0,US Summary
2003-09-01,9718294.0,22665472.0,198.6833,85.1896,1930862724.0,US Summary
2003-10-01,9937759.0,23226236.0,202.2604,86.5407,2010015444.0,US Summary
2003-11-01,9867624.0,22963101.0,199.1335,85.5709,1964974205.0,US Summary
2003-12-01,9999640.0,23244941.0,198.8714,85.5516,1988642816.0,US Summary
2004-01-01,10096006.0,23450738.0,197.9013,85.2004,1998012461.0,US Summary
2004-02-01,10123716.0,23474067.0,198.1796,85.4694,2006314135.0,US Summary
2004-03-01,10265455.0,23755819.0,198.8276,85.9181,2041055512.0,US Summary
2004-04-01,10301382.0,23827439.0,198.4979,85.8171,2044802896.0,US Summary
2004-05-01,10354000.0,23924001.0,198.8982,86.0806,2059391976.0,US Summary
2004-06-01,10435296.0,24107448.0,198.5486,85.9449,2071912916.0,US Summary
2004-07-01,10534749.0,24347959.0,199.6406,86.3795,2103163469.0,US Summary
2004-08-01,10641837.0,24550102.0,201.4227,87.3115,2143507182.0,US Summary
2004-09-01,10771087.0,24857053.0,203.0525,87.987,2187096544.0,US Summary
2004-10-01,11252143.0,26168289.0,223.4735,96.0917,2514556038.0,US Summary
2004-11-01,10920199.0,25077090.0,213.9073,93.1492,2335910071.0,US Summary
2004-12-01,11082443.0,25411716.0,212.8717,92.8367,2359138666.0,US Summary
2005-01-01,11075030.0,25357492.0,209.8931,91.672,2324572188.0,US Summary
2005-02-01,11024559.0,25184374.0,210.3433,92.0786,2318942547.0,US Summary
2005-03-01,11103463.0,25348952.0,211.0159,92.4301,2343007202.0,US Summary
2005-04-01,11078232.0,25271312.0,209.5387,91.8559,2321318821.0,US Summary
2005-05-01,11097007.0,25314262.0,209.9461,92.034,2329773718.0,US Summary
2005-06-01,11149475.0,25437443.0,210.1211,92.0981,2342740416.0,US Summary
2005-07-01,11170896.0,25467685.0,211.4658,92.7553,2362262640.0,US Summary
2005-08-01,11258199.0,25661624.0,209.8627,92.0704,2362676374.0,US Summary
2005-09-01,12137916.0,27841234.0,218.5694,95.2895,2652977562.0,US Summary
2005-10-01,12152016.0,27793263.0,228.5065,99.9096,2776814627.0,US Summary
2005-11-01,12785010.0,29735319.0,232.0454,99.7703,2966702552.0,US Summary
2005-12-01,11775578.0,26716394.0,214.556,94.5682,2526521341.0,US Summary
2006-01-01,11660841.0,26393587.0,209.8508,92.7133,2447036625.0,US Summary
2006-02-01,11551453.0,26084182.0,209.8764,92.9444,2424377836.0,US Summary
2006-03-01,11635403.0,26200009.0,211.1461,93.7698,2456770429.0,US Summary
2006-04-01,11481181.0,25892326.0,210.7734,93.4612,2419927052.0,US Summary
2006-05-01,11510373.0,25892949.0,210.2211,93.451,2419723023.0,US Summary
2006-06-01,11541344.0,25952710.0,209.8175,93.3072,2421575880.0,US Summary
2006-07-01,11518497.0,25865385.0,210.6604,93.8123,2426490860.0,US Summary
2006-08-01,11580285.0,26000132.0,211.979,94.4141,2454777775.0,US Summary
2006-09-01,11601332.0,26059742.0,210.8921,93.8854,2446628987.0,US Summary
2006-10-01,11656291.0,26148439.0,218.0075,97.1821,2541158969.0,US Summary
2006-11-01,11651010.0,26153656.0,216.6141,96.4979,2523772503.0,US Summary
2006-12-01,11701442.0,26247570.0,217.6093,97.0125,2546342023.0,US Summary
2007-01-01,11733981.0,26220403.0,213.8474,95.6996,2509281764.0,US Summary
2007-02-01,11640923.0,26004135.0,213.4819,95.5666,2485125844.0,US Summary
2007-03-01,11757345.0,26226757.0,214.2702,96.0564,2519248231.0,US Summary
2007-04-01,11719170.0,26129021.0,213.1012,95.5784,2497368851.0,US Summary
2007-05-01,11799032.0,26254268.0,213.4893,95.9451,2518967072.0,US Summary
2007-06-01,11873549.0,26451375.0,213.7173,95.9339,2537582439.0,US Summary
2007-07-01,11885975.0,26456753.0,213.7612,96.0345,2540760407.0,US Summary
2007-08-01,12007361.0,26738383.0,214.4293,96.2934,2574730478.0,US Summary
2007-09-01,12027103.0,26761775.0,214.4267,96.3663,2578932497.0,US Summary
2007-10-01,12147478.0,27007059.0,227.5325,102.3416,2763946525.0,US Summary
2007-11-01,12208064.0,27153727.0,226.6019,101.8781,2766370199.0,US Summary
2007-12-01,12312552.0,27385524.0,226.5242,101.8454,2789090515.0,US Summary
2008-01-01,12431141.0,27580481.0,223.5388,100.7539,2778842340.0,US Summary
2008-02-01,12435938.0,27547495.0,223.488,100.8906,2779283488.0,US Summary
2008-03-01,12546256.0,27770417.0,224.2903,101.331,2814003256.0,US Summary
2008-04-01,12641595.0,27967760.0,224.5167,101.4829,2838248777.0,US Summary
2008-05-01,12762569.0,28244913.0,224.9828,101.6593,2871358394.0,US Summary
2008-06-01,12886157.0,28509720.0,225.0538,101.7224,2900078521.0,US Summary
2008-07-01,13052852.0,28862959.0,226.552,102.4548,2957149326.0,US Summary
2008-08-01,13219213.0,29258947.0,225.7727,102.0043,2984537425.0,US Summary
2008-09-01,14085583.0,31382561.0,238.9314,107.2407,3365488472.0,US Summary
2008-10-01,13900815.0,30841790.0,266.0008,119.8902,3697627592.0,US Summary
2008-11-01,13963078.0,30884729.0,255.0456,115.3069,3561221137.0,US Summary
2008-12-01,14284026.0,31567037.0,255.4508,115.591,3648865577.0,US Summary
2009-01-01,14499693.0,31983716.0,250.57,113.595,3633188682.0,US Summary
2009-02-01,14677736.0,32332622.0,252.3327,114.5491,3703673185.0,US Summary
2009-03-01,14982155.0,32928433.0,252.034,114.6733,3776012112.0,US Summary
2009-04-01,15269505.0,33524074.0,294.6671,134.2146,4499420746.0,US Summary
2009-05-01,15578702.0,34171518.0,295.0366,134.5064,4596287457.0,US Summary
2009-06-01,15916305.0,34882031.0,293.7336,134.0276,4675153673.0,US Summary
2009-07-01,16259749.0,35602939.0,293.9519,134.2469,4779583794.0,US Summary
2009-08-01,16560753.0,36241857.0,292.9568,133.8669,4851584542.0,US Summary
2009-09-01,16892857.0,36918948.0,292.2715,133.7335,4937300356.0,US Summary
2009-10-01,17253466.0,37672818.0,293.8878,134.5953,5070583056.0,US Summary
2009-11-01,17516954.0,38184306.0,291.5396,133.7431,5106886589.0,US Summary
2009-12-01,17886438.0,38979289.0,293.2229,134.5513,5244713066.0,US Summary
2010-01-01,18118005.0,39431128.0,289.9754,133.2393,5253774954.0,US Summary
2010-02-01,18242903.0,39588993.0,289.8471,133.5637,5287652083.0,US Summary
2010-03-01,18532065.0,40120254.0,290.0666,133.9855,5375533793.0,US Summary
2010-04-01,18696485.0,40430679.0,288.3006,133.3197,5390207990.0,US Summary
2010-05-01,18894549.0,40801591.0,288.448,133.5755,5450094171.0,US Summary
2010-06-01,19143572.0,41275687.0,287.4909,133.3376,5503601938.0,US Summary
2010-07-01,19435457.0,41836469.0,288.1875,133.8798,5601056282.0,US Summary
2010-08-01,19721947.0,42389926.0,287.8547,133.9246,5677055577.0,US Summary
2010-09-01,19979385.0,42911396.0,287.3464,133.7874,5741005129.0,US Summary
2010-10-01,20183177.0,43201052.0,286.2944,133.7544,5778329641.0,US Summary
2010-11-01,20404895.0,43596084.0,284.7621,133.2813,5810541635.0,US Summary
2010-12-01,20668184.0,44082361.0,284.9527,133.6012,5889455566.0,US Summary
2011-01-01,20748799.0,44187874.0,282.823,132.802,5868238587.0,US Summary
2011-02-01,20791408.0,44199479.0,283.2455,133.2385,5889071901.0,US Summary
2011-03-01,21045909.0,44587275.0,284.3188,134.203,5983748199.0,US Summary
2011-04-01,21071176.0,44647781.0,282.358,133.2567,5949614728.0,US Summary
2011-05-01,21435915.0,45410683.0,285.5608,134.7977,6121256333.0,US Summary
2011-06-01,21394401.0,45183927.0,282.2762,133.6566,6039129972.0,US Summary
2011-07-01,21458822.0,45345473.0,283.6888,134.25,6087627943.0,US Summary
2011-08-01,21723850.0,45794474.0,282.2162,133.8769,6130823077.0,US Summary
2011-09-01,21938820.0,46268250.0,285.4796,135.3647,6263086440.0,US Summary
2011-10-01,21973808.0,46236164.0,283.7487,134.852,6235038754.0,US Summary
2011-11-01,22027321.0,46286314.0,281.8508,134.1307,6208417106.0,US Summary
2011-12-01,22162774.0,46514155.0,280.5699,133.6842,6218208151.0,US Summary
2012-01-01,22188732.0,46449737.0,277.237,132.4343,6151537395.0,US Summary
2012-02-01,22155432.0,46326287.0,278.055,132.9791,6160427746.0,US Summary
2012-03-01,22257668.0,46405224.0,277.7076,133.1989,6181123024.0,US Summary
2012-04-01,22212770.0,46274631.0,275.8069,132.393,6126435777.0,US Summary
2012-05-01,22335926.0,46496761.0,276.7212,132.9302,6180824060.0,US Summary
2012-06-01,22442179.0,46670301.0,276.4521,132.9365,6204187508.0,US Summary
2012-07-01,22541831.0,46836236.0,277.8946,133.748,6264254010.0,US Summary
2012-08-01,22684463.0,47102765.0,276.9844,133.3943,6283241642.0,US Summary
2012-09-01,22973657.0,47710283.0,278.8259,134.2614,6405649453.0,US Summary
2012-10-01,22943816.0,47551829.0,276.4071,133.3668,6341833548.0,US Summary
2012-11-01,23015561.0,47682072.0,281.189,135.7265,6471722852.0,US Summary
2012-12-01,23064564.0,47792056.0,277.0374,133.6989,6389746648.0,US Summary
2013-01-01,23088841.0,47772063.0,273.9876,132.4216,6326055338.0,US Summary
2013-02-01,23006710.0,47558164.0,273.9515,132.5266,6302722967.0,US Summary
2013-03-01,23115206.0,47724596.0,274.3513,132.8809,6341686261.0,US Summary
2013-04-01,23039007.0,47548577.0,273.3697,132.4575,6298165540.0,US Summary
2013-05-01,23071020.0,47635226.0,273.9719,132.692,6320812249.0,US Summary
2013-06-01,23116892.0,47760247.0,274.5295,132.8776,6346268642.0,US Summary
2013-07-01,23073832.0,47637468.0,272.4999,131.9889,6287615772.0,US Summary
2013-08-01,23093696.0,47665056.0,274.5193,133.0044,6339664356.0,US Summary
2013-09-01,22999606.0,47305724.0,273.9188,133.1768,6300024327.0,US Summary
2013-10-01,23053620.0,47415754.0,275.6675,134.03,6355133852.0,US Summary
2013-11-01,23014953.0,47363175.0,257.5029,125.1271,5926416528.0,US Summary
2013-12-01,22860771.0,47078649.0,254.5126,123.5879,5818353479.0,US Summary
2014-01-01,22646436.0,46530889.0,254.5642,123.8956,5764971510.0,US Summary
2014-02-01,22597843.0,46515743.0,254.7919,123.7806,5757748409.0,US Summary
2014-03-01,22580029.0,46390386.0,255.7595,124.4882,5775057723.0,US Summary
2014-04-01,22663868.0,46514290.0,254.4512,123.9801,5766848260.0,US Summary
2014-05-01,22604943.0,46235606.0,255.7858,125.0556,5782022930.0,US Summary
2014-06-01,22713859.0,46495793.0,254.0379,124.1012,5770182054.0,US Summary
2014-07-01,22716152.0,46486888.0,254.2361,124.2343,5775265294.0,US Summary
2014-08-01,22724505.0,46476291.0,253.7321,124.0619,5765935451.0,US Summary
2014-09-01,22749951.0,46459930.0,252.3478,123.5667,5740900079.0,US Summary
2014-10-01,22783765.0,46500623.0,262.0682,128.4047,5970900822.0,US Summary
2014-11-01,22694484.0,46263096.0,259.8735,127.4816,5897694230.0,US Summary
2014-12-01,22724445.0,46252074.0,259.9016,127.6942,5906119354.0,US Summary
2015-01-01,22615696.0,46028930.0,257.7406,126.6374,5828983683.0,US Summary
2015-02-01,22489450.0,45682411.0,257.6435,126.8379,5794260529.0,US Summary
2015-03-01,22493349.0,45641751.0,257.4504,126.8777,5790920739.0,US Summary
2015-04-01,22394544.0,45438791.0,256.7756,126.552,5750372036.0,US Summary
2015-05-01,22416122.0,45495284.0,256.3511,126.3075,5746397507.0,US Summary
2015-06-01,22436441.0,45510151.0,256.0088,126.212,5743926329.0,US Summary
2015-07-01,22416330.0,45507071.0,256.64,126.4183,5752926149.0,US Summary
2015-08-01,22404273.0,45464433.0,256.1368,126.2209,5738559839.0,US Summary
2015-09-01,22398227.0,45415445.0,255.5594,126.0381,5724077011.0,US Summary
2015-10-01,22388684.0,45368265.0,255.9592,126.3127,5730589820.0,US Summary
2015-11-01,22417268.0,45453871.0,254.8181,125.673,5712325692.0,US Summary
2015-12-01,22324099.0,45188751.0,255.0084,125.979,5692831945.0,US Summary
2016-01-01,22153124.0,44852347.0,253.499,125.2063,5615795192.0,US Summary
2016-02-01,21938790.0,44382926.0,253.7311,125.4211,5566554378.0,US Summary
2016-03-01,21926087.0,44344774.0,255.3389,126.2513,5598583806.0,US Summary
2016-04-01,21425555.0,43570377.0,253.9868,124.897,5441808244.0,US Summary
2016-05-01,21374050.0,43481269.0,254.8233,125.2633,5446605261.0,US Summary
2016-06-01,21369408.0,43536321.0,253.4872,124.4219,5416870557.0,US Summary
2016-07-01,21270522.0,43334443.0,253.9749,124.6625,5402178151.0,US Summary
2016-08-01,21396037.0,43625861.0,256.4457,125.7722,5486920855.0,US Summary
2016-09-01,21351627.0,43493149.0,254.233,124.8079,5428287318.0,US Summary
2016-10-01,21506068.0,43660143.0,258.6425,127.4018,5562382558.0,US Summary
2016-11-01,21315670.0,43200201.0,253.3818,125.0227,5401003653.0,US Summary
2016-12-01,21232456.0,42972692.0,251.8264,124.4254,5346893421.0,US Summary
2017-01-01,21133144.0,42715593.0,250.0114,123.6908,5283526016.0,US Summary
2017-02-01,20937903.0,42297791.0,252.2788,124.881,5282188408.0,US Summary
2017-03-01,20925979.0,42212512.0,251.3323,124.5928,5259373711.0,US Summary
2017-04-01,20604489.0,41709161.0,251.0681,124.0286,5173129493.0,US Summary
2017-05-01,20585043.0,41643911.0,251.0123,124.0781,5167099091.0,US Summary
2017-06-01,20552654.0,41579842.0,251.6311,124.3796,5171685946.0,US Summary
2017-07-01,20420884.0,41254460.0,251.074,124.2812,5127153467.0,US Summary
2017-08-01,20540518.0,41552823.0,251.8425,124.4916,5172976093.0,US Summary
2017-09-01,21017700.0,42999474.0,274.2279,134.0398,5763639080.0,US Summary
2017-10-01,22142310.0,46205060.0,299.215,143.3893,6625311590.0,US Summary
2017-11-01,20813678.0,42189876.0,255.5661,126.0793,5319271491.0,US Summary
2017-12-01,20475955.0,41304526.0,247.7506,122.8178,5072929600.0,US Summary
2018-01-01,20376641.0,41026015.0,245.4209,121.8947,5000853663.0,US Summary
2018-02-01,20093436.0,40431613.0,244.5281,121.524,4913410499.0,US Summary
2018-03-01,20106522.0,40395888.0,245.8937,122.3904,4944066905.0,US Summary
2018-04-01,19908655.0,39968661.0,244.3419,121.7083,4864519482.0,US Summary
2018-05-01,19873815.0,39896505.0,244.7242,121.9055,4863603810.0,US Summary
2018-06-01,19823250.0,39782290.0,244.7241,121.9444,4851227577.0,US Summary
2018-07-01,19704491.0,39546157.0,244.5147,121.8333,4818037160.0,US Summary
2018-08-01,19656524.0,39402298.0,244.9446,122.1949,4814760381.0,US Summary
2018-09-01,19535933.0,39159849.0,247.1118,123.2783,4827559776.0,US Summary
2018-10-01,19722719.0,39575279.0,248.6736,123.9289,4904519214.0,US Summary
2018-11-01,19537752.0,39129424.0,245.6204,122.641,4798871042.0,US Summary
2018-12-01,19350569.0,38655988.0,244.7311,122.5085,4735685303.0,US Summary
2019-01-02,20438289.0,40627707.0,430.995,216.8175,8808799831.0,US Summary
2019-02-02,3695943.0,7422273.0,167.58,83.447,619366211.0,US Summary
2019-03-01,18942667.0,37664927.0,235.7932,118.5865,4466551286.0,US Summary
2019-04-01,18844455.0,37422372.0,239.9069,120.8078,4520914707.0,US Summary
2019-05-01,18833780.0,37381135.0,241.2495,121.549,4543639171.0,US Summary
2019-06-01,18973316.0,37532817.0,239.9274,121.2864,4552219037.0,US Summary
2019-07-01,19026938.0,37602856.0,239.709,121.2921,4560929145.0,US Summary
2019-08-01,19120797.0,37777171.0,239.2505,121.0959,4574660707.0,US Summary
2019-09-01,19081687.0,37637717.0,237.7216,120.5208,4536128882.0,US Summary
2019-10-01,19114619.0,37652952.0,240.8376,122.2618,4603518956.0,US Summary
2019-11-01,19050625.0,37464569.0,238.8142,121.4363,4549560029.0,US Summary
2019-12-01,18976739.0,37243840.0,237.8826,121.2076,4514235559.0,US Summary
2020-01-01,18943466.0,37100836.0,235.3416,120.164,4458185962.0,US Summary
2020-02-01,18844494.0,36867839.0,236.9806,121.1294,4465780275.0,US Summary
2020-03-01,19050604.0,37208099.0,276.4074,141.521,5265727072.0,US Summary
2020-04-01,21015705.0,40944023.0,365.1469,187.4222,7673819191.0,US Summary
2020-05-01,21957581.0,42663502.0,351.4338,180.8721,7716636933.0,US Summary
2020-06-01,22221447.0,42908882.0,347.4402,179.9307,7720624308.0,US Summary
2020-07-01,22172260.0,42589096.0,347.7487,181.041,7710373974.0,US Summary
2020-08-01,22158446.0,42557584.0,347.2182,180.786,7693816216.0,US Summary
2020-09-01,22339868.0,43032115.0,348.4534,180.8975,7784401875.0,US Summary
2020-10-01,21824772.0,42077533.0,360.4905,186.9792,7867622326.0,US Summary
2020-11-01,21528821.0,41498329.0,362.0034,187.8029,7793507164.0,US Summary
2020-12-01,21388781.0,41336928.0,363.5332,188.1014,7775533001.0,US Summary
2021-01-01,21942711.0,42125157.0,395.5064,206.0166,8678482109.0,US Summary
2021-02-01,22008131.0,42269905.0,412.4483,214.7442,9077215563.0,US Summary
2021-03-01,21848020.0,41953645.0,420.94,219.2111,9196704623.0,US Summary
2021-04-01,21719600.0,41803523.0,443.5077,230.4306,9632809323.0,US Summary
2021-05-01,21624580.0,41486912.0,473.1654,246.6321,10232003811.0,US Summary
2021-06-01,21528589.0,41155613.0,454.114,237.548,9776432995.0,US Summary
2021-07-01,22346731.0,41946419.0,432.4184,230.3686,9663137189.0,US Summary
2021-08-01,21336013.0,40795233.0,429.4903,224.6245,9163609853.0,US Summary
2021-09-01,21377137.0,40795346.0,424.493,222.4383,9074445902.0,US Summary
2021-10-01,21631151.0,41198773.0,460.2889,241.6717,9956578497.0,US Summary
2021-11-01,21645045.0,41211591.0,453.7552,238.3201,9821551278.0,US Summary
2021-12-01,21600644.0,41305936.0,456.4519,238.6982,9859654085.0,US Summary
2022-01-01,21594094.0,41228496.0,447.2486,234.2537,9657928635.0,US Summary
2022-02-01,21608160.0,41181192.0,446.0517,234.0475,9638356205.0,US Summary
2022-03-01,21696530.0,41377328.0,438.9804,230.1828,9524350430.0,US Summary
2022-04-01,21609230.0,41212994.0,445.5407,233.6106,9627791113.0,US Summary
2022-05-01,21518289.0,41012898.0,434.5811,228.0122,9351440851.0,US Summary
2022-06-01,21466689.0,40907769.0,427.7699,224.4758,9182803443.0,US Summary
2022-07-01,21613807.0,41115521.0,430.2812,226.1923,9300015167.0,US Summary
2022-08-01,21576072.0,41123760.0,423.0633,221.9652,9128044750.0,US Summary
2022-09-01,21888904.0,41622754.0,407.7296,214.4201,8924753808.0,US Summary
2022-10-01,22320309.0,42336750.0,481.7243,253.9693,10752234700.0,US Summary
2022-11-01,22284748.0,42400812.0,493.7554,259.5048,11003213872.0,US Summary
2022-12-01,22536060.0,42694515.0,491.0611,259.2039,11066583397.0,US Summary
2023-01-01,22545536.0,42765476.0,481.6614,253.9271,10859314387.0,US Summary
2023-02-01,22498521.0,42603929.0,465.5848,245.8686,10474969118.0,US Summary
2023-03-01,22479555.0,42430208.0,387.9013,205.5104,8719847807.0,US Summary
2023-04-01,22202307.0,41913810.0,334.0487,176.9501,7416651344.0,US Summary
2023-05-01,22277060.0,41995368.0,328.503,174.2592,7318081305.0,US Summary
2023-06-01,22216250.0,41927034.0,334.1761,177.0729,7424139775.0,US Summary
2023-07-01,21940769.0,41303331.0,325.7872,173.0616,7148021175.0,US Summary
2023-08-01,22229939.0,42006955.0,337.5609,178.6361,7503958649.0,US Summary
2023-09-01,22125975.0,41651427.0,332.4079,176.5809,7354848189.0,US Summary
2023-10-01,22126282.0,41694229.0,354.487,188.1191,7843479192.0,US Summary
2023-11-01,21989417.0,41464728.0,355.5048,188.53,7817343751.0,US Summary
2023-12-01,21976950.0,41399764.0,357.3542,189.7005,7853554616.0,US Summary
2024-01-01,21955437.0,41280245.0,352.7219,187.5997,7744162814.0,US Summary
2024-02-01,21941610.4146,41234076.9942,344.192,183.1526,7552127763.0,US Summary
2024-03-01,22139515.9107,41546827.0776,348.2064,185.5526,7709120843.5919,US Summary
2024-04-01,22200883.6621,41593021.8065,339.918,181.4362,7546480455.7985,US Summary
